d4:9a:a0:d0:eb:c9,1.649257461649E9,1.649257521654E9,56288150,83055162414
a0:65:18:ad:e8:ea,1.649257461645E9,1.649257521744E9,20721268,14740379259
ac:64:62:e8:9c:01,1.649257461886E9,1.649257523689E9,3062907,12748341747
98:f4:28:eb:a7:68,1.649257462543E9,1.649257522605E9,3758079,10615563251
a4:f4:c2:dd:94:00,1.649257461645E9,1.649257521645E9,43576961,9816605144
94:a7:b7:d2:d3:82,1.649257461892E9,1.649257522479E9,3397198,9794731275
d4:9a:a0:4b:b3:d0,1.649257461645E9,1.649257521646E9,246,8200384242
74:4d:28:57:14:32,1.649257461789E9,1.649257521812E9,27760422,7868922413
a0:65:18:4c:b1:bf,1.649257461646E9,1.649257521647E9,3483,7354838554
d4:9a:a0:52:82:d9,1.649257461792E9,1.649257521794E9,9492,7064271944
d4:9a:a0:b2:30:a2,1.64925746168E9,1.64925752168E9,14056987,6745505559
d4:9a:a0:93:c6:59,1.649257461647E9,1.649257521647E9,9048442,6322436211
a0:65:18:66:ec:92,1.649257462264E9,1.649257522302E9,53323,5937885354
a4:f4:c2:c2:a6:55,1.649257461646E9,1.649257521646E9,7452445,5929711936
18:44:e6:bc:dc:5d,1.649257461942E9,1.649257522694E9,9275,5892726955
18:e8:29:2f:51:a2,1.649257461659E9,1.649257521659E9,77845691,5772445788
ac:64:62:d1:33:b3,1.6492574617E9,1.649257521708E9,5857676,5073951121
a4:f4:c2:93:51:9e,1.649257461667E9,1.64925752167E9,526,4967201807
a4:f4:c2:d3:3c:89,1.649257464844E9,1.649257525094E9,0,4678589163
cc:71:90:39:48:11,1.649257462581E9,1.649257522604E9,1261,4433708362
ac:64:62:d1:30:b6,1.649257461654E9,1.649257521659E9,20420340,4386370656
14:49:bc:1b:b0:41,1.649257461649E9,1.649257521669E9,657933,4296845503
44:f4:36:eb:90:61,1.649257462703E9,1.649257527391E9,2988,4289368124
a4:f4:c2:dd:3a:09,1.649257461791E9,1.649257523112E9,3350953,4263692325
a0:65:18:9b:9c:85,1.649257461662E9,1.649257521662E9,67558219,4113743199
a0:65:18:0e:fd:74,1.649257461652E9,1.649257521653E9,0,4103421453
ac:64:62:e9:4a:ca,1.649257461677E9,1.649257521681E9,12764412,3952739862
d4:9a:a0:49:42:e8,1.649257461646E9,1.649257521655E9,39790703,3607977331
98:f4:28:e5:e5:0d,1.649257461659E9,1.649257521701E9,570696,3558490434
34:4d:ea:d8:e8:86,1.649284611722E9,1.649284687309E9,7570,3540204837
a0:65:18:2f:29:2c,1.649257461648E9,1.649257521649E9,19723383,3525634355
d4:9a:a0:03:31:c7,1.649257461739E9,1.649257521745E9,15965940,3397182856
a0:65:18:72:74:08,1.649257463234E9,1.649257527232E9,1778597,3344343536
a0:65:18:49:2e:8e,1.649257461648E9,1.649257521649E9,55662,3285256896
98:f4:28:ea:b5:88,1.649257461739E9,1.649257521781E9,34687932,3230349664
98:f4:28:da:7e:6d,1.649257461784E9,1.649257522375E9,5816,3120497450
14:49:bc:0c:5c:23,1.649257462551E9,1.64925752323E9,3830,3105627246
a0:65:18:49:67:64,1.649257461646E9,1.649257521646E9,49321632,3006465663
00:1d:aa:00:00:01,1.649257461646E9,1.649257521648E9,77777347,2966535849
d4:9a:a0:86:5b:c0,1.649257462069E9,1.649257522759E9,15019,2961500624
d4:9a:a0:63:c8:c8,1.64925746165E9,1.64925752165E9,9477071,2888834943
d4:9a:a0:d5:e3:49,1.649257461713E9,1.649257521717E9,23061423,2809533324
a0:65:18:65:78:b2,1.649257461664E9,1.649257521667E9,42451021,2780755189
a0:65:18:98:d9:e1,1.649257461668E9,1.649257521842E9,44073002,2724578631
a4:f4:c2:ae:15:2d,1.649257461679E9,1.649257521694E9,29164733,2710963925
a0:65:18:75:31:ec,1.649257461646E9,1.649257521652E9,24318876,2685055115
a0:65:18:35:3a:07,1.649257461649E9,1.649257521652E9,691907,2673147952
24:43:e2:57:21:a1,1.649257465778E9,1.649257526218E9,10186,2626063434
a4:f4:c2:1a:8d:67,1.649257461708E9,1.649257521815E9,28850818,2564996259
98:f4:28:da:bb:03,1.649257461689E9,1.649257521691E9,23372787,2527710333
a0:65:18:78:af:b6,1.649257462137E9,1.649257524033E9,0,2509665578
a4:f4:c2:19:c9:29,1.64925746344E9,1.649257523692E9,145060,2449121839
a0:65:18:75:b8:9b,1.649257464386E9,1.649257525651E9,156,2415807931
34:4d:ea:d8:c3:96,1.649257461819E9,1.649257522111E9,1618,2382636928
00:09:0f:17:e3:2e,1.649257461658E9,1.649257521841E9,4016895,2375121108
a4:f4:c2:9f:c9:6d,1.649257461694E9,1.649257521698E9,80560,2329019048
cc:71:90:00:4e:41,1.649257461646E9,1.649257521647E9,26587157,2320923127
a4:f4:c2:c2:ad:30,1.649257465896E9,1.649257526091E9,194663,2289892362
d8:38:0d:e3:45:11,1.64925746165E9,1.649257521653E9,37163,2203842441
a0:65:18:32:13:91,1.649257461645E9,1.649257521647E9,27120867,2201411402
a0:65:18:74:ca:c1,1.649257462005E9,1.649257522499E9,0,2160017560
98:f4:28:e1:8f:29,1.649257461654E9,1.649257521654E9,39937005,2076973778
94:a7:b7:d3:0e:7e,1.649257461659E9,1.649257521713E9,52576566,2055600474
a4:f4:c2:1a:13:1b,1.649257462332E9,1.649257522393E9,23286128,2030620613
d4:9a:a0:86:68:e0,1.649257461651E9,1.649257521721E9,26974,2012564158
a0:65:18:83:8f:9e,1.649257472659E9,1.64925753669E9,1389,1930885762
a0:65:18:38:1c:51,1.649257462679E9,1.649257527228E9,0,1881677866
94:a7:b7:d2:29:e1,1.649257461676E9,1.649257523273E9,64806870,1845266592
c4:a3:66:eb:97:10,1.649257461645E9,1.649257521645E9,2599915,1841412320
cc:71:90:1c:b5:29,1.649257462355E9,1.649257522386E9,511387,1817439200
a4:f4:c2:de:65:53,1.649257461715E9,1.649257521715E9,65780331,1800162214
a4:f4:c2:c1:f6:f9,1.649257462634E9,1.649257523308E9,18602,1797127694
d4:9a:a0:b7:2b:29,1.649257463037E9,1.64925752313E9,39158247,1786864080
cc:71:90:17:fe:81,1.649257462337E9,1.649257523725E9,6890484,1781455606
a0:65:18:4e:72:c9,1.649257461659E9,1.649257521661E9,546560,1775233530
d4:9a:a0:4b:b1:e8,1.649257462997E9,1.649257525806E9,0,1769074199
a0:65:18:cb:13:e7,1.649257461658E9,1.649257521665E9,12159267,1767570365
18:d6:c7:6d:fa:69,1.64925746198E9,1.649257522654E9,12503980,1759295596
5c:c7:d7:1f:26:3e,1.649257462305E9,1.64925752417E9,134094,1745542551
cc:71:90:50:06:b9,1.64925746166E9,1.649257521662E9,52785312,1729561356
98:f4:28:ea:7b:c2,1.649257468195E9,1.649257531655E9,78,1722583872
d4:9a:a0:ce:29:51,1.649257461648E9,1.649257521676E9,1994365,1721538721
ac:64:62:d1:2d:e1,1.649257485103E9,1.649257547352E9,0,1718303817
d4:9a:a0:ed:d9:d1,1.649257461991E9,1.649257522015E9,3404875,1712156335
98:f4:28:eb:99:4e,1.64925746167E9,1.649257521746E9,985885,1690225915
cc:2d:21:1f:63:b9,1.64925746225E9,1.649257522451E9,2224,1689779707
a4:f4:c2:c1:e7:db,1.649257463209E9,1.649257523909E9,1030,1679289852
a0:65:18:cb:73:24,1.649257461645E9,1.649257521649E9,62886841,1678019832
a0:65:18:9b:19:81,1.649257466924E9,1.649257527389E9,161041,1669639460
a0:65:18:49:5d:b6,1.649257461936E9,1.649257522059E9,16910056,1664884158
cc:71:90:38:ef:a1,1.64925746165E9,1.649257521654E9,6780880,1652384141
d4:9a:a0:14:dc:27,1.649257461645E9,1.649257521649E9,50962943,1627598144
cc:71:90:1b:27:b9,1.649257461953E9,1.649257522757E9,4765113,1619434400
18:44:e6:bc:4b:bc,1.649257461648E9,1.649257521649E9,26737,1605048353
a4:f4:c2:dd:ee:ab,1.649257461648E9,1.649257521661E9,920550,1577138470
98:f4:28:eb:ac:1d,1.649257461659E9,1.649257521668E9,188,1569378221
a4:f4:c2:1b:2c:2b,1.649257461681E9,1.649257521693E9,49287470,1565062248
a0:65:18:79:5d:95,1.649257464252E9,1.649257538319E9,0,1554271972
a0:65:18:76:d1:ff,1.649257462001E9,1.649257522046E9,1478840,1548745261
ac:64:62:e9:7c:93,1.649257461645E9,1.649257522442E9,60582393,1523981148
e4:3a:6e:33:1e:4b,1.649257461646E9,1.649257521647E9,4394484,1523496873
a4:f4:c2:c3:28:3f,1.649257461648E9,1.649257521719E9,7243341,1506007695
a0:65:18:2f:c2:56,1.649257463019E9,1.649257525203E9,17950,1505439174
a4:f4:c2:dd:42:3a,1.649257461646E9,1.649257521646E9,1420255,1500145600
a0:65:18:ad:e6:9e,1.64925746165E9,1.64925752167E9,45295990,1485013696
a0:65:18:72:61:81,1.649257461747E9,1.649257521761E9,8774302,1481889629
a0:65:18:35:36:25,1.649257462033E9,1.649257522077E9,15089152,1475167335
a0:65:18:a1:6d:6f,1.649257461645E9,1.649257521858E9,906416,1463182737
cc:71:90:38:8d:f1,1.649257462921E9,1.649257523497E9,6506496,1445870281
a0:65:18:a3:bb:04,1.649257461758E9,1.649257523349E9,38809,1444231258
d4:9a:a0:b7:26:81,1.649257461873E9,1.64925752208E9,32575292,1418734939
d4:9a:a0:ed:ae:91,1.649257461655E9,1.649257522081E9,40468601,1411587316
94:a7:b7:d3:3b:60,1.649257461695E9,1.649257534006E9,400,1405704570
a0:65:18:ab:c3:cc,1.649257462125E9,1.649257522125E9,11111474,1386047302
a4:f4:c2:c2:85:fd,1.649257465559E9,1.649257525906E9,3128,1360034058
a4:f4:c2:c3:0a:42,1.649257462869E9,1.649257522888E9,43117,1342159730
ac:64:62:d2:92:85,1.649257462464E9,1.64925752278E9,22808551,1334435508
ec:8a:4c:fb:5f:70,1.64925746165E9,1.649257521677E9,48732096,1332932640
ac:64:62:e9:a6:4b,1.649257461651E9,1.649257521652E9,39011936,1329130415
a0:65:18:3e:cd:78,1.649257461651E9,1.64925752166E9,2585,1319987885
94:a7:b7:d2:f6:a0,1.649257476875E9,1.649257543258E9,156,1319508946
c4:a3:66:e6:59:fa,1.649257461801E9,1.649257523054E9,4068471,1318573182
a0:65:18:4c:4b:6b,1.649257463011E9,1.649257527223E9,4430191,1289403604
cc:71:90:17:d5:19,1.649257461645E9,1.649257521647E9,18731520,1288219243
a0:65:18:c3:82:fe,1.649257461647E9,1.649257521647E9,39389583,1283351710
a0:65:18:42:cf:2a,1.64925746353E9,1.649257527457E9,966,1269934002
d4:9a:a0:f2:88:42,1.649257461647E9,1.649257521647E9,48453527,1268063123
98:f4:28:e3:41:2a,1.649257462186E9,1.649257524276E9,440,1260656032
94:a7:b7:d2:44:a3,1.649257461687E9,1.649257521704E9,5279422,1223907286
d4:9a:a0:87:9d:a8,1.649257461899E9,1.649257522378E9,132,1216947427
a0:65:18:74:f4:61,1.64925746166E9,1.649257521663E9,14838407,1214869561
d4:9a:a0:e2:f9:21,1.649257461654E9,1.649257521667E9,16393331,1209965286
98:f4:28:ea:38:e2,1.6492574625E9,1.649257522889E9,2035,1207925056
cc:71:90:42:d9:91,1.649257463108E9,1.649257524888E9,438,1205039071
24:43:e2:47:60:e1,1.649257465306E9,1.649257528878E9,4046540,1204183416
ec:8a:4c:ec:ca:34,1.649257462451E9,1.649257523177E9,22852325,1199128198
a0:65:18:61:87:9e,1.649257461649E9,1.649257521649E9,11515174,1178047113
a4:f4:c2:9b:b9:01,1.649257461646E9,1.649257521699E9,29695239,1168492225
cc:71:90:57:79:f1,1.649257461645E9,1.649257521645E9,68254724,1162637662
a0:65:18:3c:9d:a7,1.649257465255E9,1.649257525471E9,865,1153902920
18:44:e6:bc:48:97,1.649257461677E9,1.64925752304E9,634902,1152774716
a4:f4:c2:1a:7f:ba,1.649257461682E9,1.649257522293E9,76469038,1149670327
a0:65:18:2e:ec:a8,1.649257464379E9,1.649257524835E9,6917,1149623887
ac:64:62:d1:16:4e,1.64925746176E9,1.649257521776E9,134850,1143117892
a0:65:18:9f:a9:9b,1.649257461649E9,1.649257521649E9,5701354,1140332409
c4:ad:34:c7:ba:f6,1.649257461647E9,1.649257521654E9,1783631,1136845598
d4:9a:a0:1e:f0:9f,1.649257462868E9,1.649257523123E9,1497432,1136770702
a0:65:18:6d:38:48,1.649257462538E9,1.649257522949E9,115245154,1130424667
a0:65:18:83:8d:5e,1.6492574617E9,1.649257522272E9,3880677,1120628229
94:a7:b7:d2:5c:0e,1.649257462007E9,1.649257522021E9,99578922,1119660415
c4:a3:66:ec:63:04,1.649257463598E9,1.64925752369E9,38451907,1111170920
d4:9a:a0:d0:bf:b9,1.649257461657E9,1.649257521741E9,39222217,1111056502
24:43:e2:41:ec:91,1.649257461655E9,1.649257521682E9,100587,1107375389
cc:71:90:15:f7:d9,1.649257461698E9,1.649257522874E9,29503543,1106301769
94:a7:b7:d2:3d:69,1.649257462221E9,1.649257522351E9,0,1094402356
a4:f4:c2:c2:97:6d,1.649257461645E9,1.649257521657E9,10458859,1091075444
74:4d:28:cf:01:fc,1.649257462296E9,1.64925752247E9,6380956,1080922469
d4:9a:a0:c9:61:42,1.649257462557E9,1.649257523227E9,24096491,1060304916
a4:f4:c2:19:de:ef,1.649257461653E9,1.64925752171E9,316156,1051410517
98:f4:28:e5:92:38,1.649257461683E9,1.649257522261E9,8811353,1049629362
98:f4:28:eb:a8:8f,1.649257462776E9,1.649257525263E9,1641394,1046140726
c4:a3:66:e7:ed:e0,1.649257461726E9,1.649257521772E9,9296,1036870937
a0:65:18:54:53:6a,1.649257462085E9,1.649257522546E9,80562,1029419834
98:f4:28:e1:ec:67,1.649257464501E9,1.6492575297E9,1044,1024765303
a0:65:18:30:25:ff,1.649257465026E9,1.649257525027E9,16440563,1017530290
a0:65:18:57:d2:07,1.649257461916E9,1.649257522016E9,1589772,1017296458
d4:9a:a0:7a:02:6f,1.649257462379E9,1.649257522401E9,12261077,1016838837
d4:9a:a0:c9:68:61,1.649257461646E9,1.649257521646E9,52109157,1009821674
d4:9a:a0:f7:fa:c1,1.649257463519E9,1.649257523684E9,43909404,995758959
24:43:e2:52:bc:e9,1.649257462414E9,1.649257522418E9,2098793,991245912
a0:65:18:3e:ca:ea,1.649257461645E9,1.649257521645E9,88582202,987329119
18:44:e6:a3:8d:76,1.649257461653E9,1.649257521656E9,14440629,982165392
c4:a3:66:ec:2b:78,1.649257461742E9,1.649257521749E9,14395618,981649417
a4:f4:c2:dd:cc:13,1.649257461646E9,1.649257521663E9,55517713,971476711
a4:f4:c2:dd:db:0a,1.649257477084E9,1.649257538549E9,0,965906506
d4:9a:a0:c9:5e:c1,1.649257461659E9,1.649257521667E9,87728,957282412
a0:65:18:42:f0:99,1.649257461798E9,1.649257522453E9,5839328,956044721
a0:65:18:3d:3a:b8,1.649257461673E9,1.649257521793E9,21967900,951133980
a0:65:18:c6:88:17,1.649257461925E9,1.649257522375E9,8464956,939318792
a0:65:18:44:28:96,1.649257462964E9,1.649257523778E9,2545,937103908
cc:71:90:1b:56:19,1.64925746165E9,1.649257521666E9,360,927597818
cc:71:90:33:cf:29,1.64925746167E9,1.649257521681E9,6085258,923918401
18:44:e6:bc:b7:dc,1.649257461646E9,1.649257521661E9,422,918408081
98:f4:28:e5:bb:fa,1.649257461704E9,1.649257522166E9,19925,918147879
a4:f4:c2:dd:d3:30,1.649257461645E9,1.649257522302E9,301556,917734375
d4:9a:a0:e2:be:41,1.64925746601E9,1.649257527303E9,360,910959279
a0:65:18:35:0f:97,1.649257461662E9,1.649257521675E9,32530915,907488511
18:44:e6:bc:bd:c7,1.649257461683E9,1.649257521817E9,68791413,897464963
98:f4:28:eb:83:91,1.649257462225E9,1.649257522226E9,3213567,887721090
d4:9a:a0:0e:6b:57,1.649257461649E9,1.649257521649E9,31641824,882312252
24:43:e2:57:04:99,1.649257461645E9,1.649257521705E9,197320,869905166
d4:9a:a0:b7:38:11,1.649257462179E9,1.649257524878E9,2281,865138508
a4:f4:c2:fa:32:c7,1.649257462142E9,1.649257522241E9,16190456,864593904
d4:9a:a0:79:93:77,1.649257461647E9,1.649257521649E9,23405629,863043017
98:f4:28:e2:b8:4a,1.649257463217E9,1.649257523368E9,29582361,860577394
a0:65:18:3d:d2:4a,1.649257461648E9,1.649257521695E9,81791,857090497
a0:65:18:9f:bf:ac,1.649257461907E9,1.649257522485E9,1491211,852386846
d4:9a:a0:9b:9c:79,1.649257461646E9,1.64925752167E9,37763796,851432970
a0:65:18:59:ae:91,1.649257468382E9,1.649257537613E9,78,846915195
98:13:33:f7:e0:66,1.649257463089E9,1.649257523257E9,15069349,841658826
24:43:e2:6b:c3:71,1.649257461655E9,1.64925752171E9,32872818,841465790
1c:5f:2b:10:c4:9f,1.649257464456E9,1.649257524491E9,216121,838597427
c4:a3:66:e8:30:ee,1.649257461719E9,1.64925752173E9,2480571,837099622
18:44:e6:bc:f2:0b,1.649257463172E9,1.649257523172E9,78,833135273
5c:c7:d7:1f:26:36,1.649257461645E9,1.649257521667E9,32885780,831670559
a0:65:18:a3:57:3e,1.649257461653E9,1.649257522491E9,716835,830063025
18:44:e6:a3:e8:e8,1.649257463814E9,1.649257532211E9,428,829472534
70:9f:2d:d3:9b:63,1.649257461652E9,1.649257521657E9,36798471,826776828
d4:9a:a0:64:f8:18,1.649257461767E9,1.649257522895E9,34874,817884552
a0:65:18:4c:c2:15,1.64925746165E9,1.64925752248E9,21528353,813985951
d4:9a:a0:0b:fe:f7,1.649257461645E9,1.649257521713E9,6720186,811971282
cc:71:90:0e:a9:61,1.649257462355E9,1.649257523537E9,238787,811569318
44:f4:36:eb:8f:62,1.649257461645E9,1.649257521653E9,697424,805396768
a4:f4:c2:ed:35:cf,1.649257461784E9,1.6492575236E9,846,803150339
98:f4:28:e5:36:26,1.649257461659E9,1.649257522132E9,22974544,802523031
a0:65:18:44:7c:cc,1.649257461646E9,1.649257521647E9,22424454,800708182
a0:65:18:4b:a5:1e,1.649257462032E9,1.649257522047E9,154042,799844616
98:f4:28:db:11:bb,1.649257461645E9,1.649257521646E9,4560232,797304912
c4:a3:66:e8:85:42,1.64925746268E9,1.649257522735E9,466142,795958763
a0:65:18:38:21:a6,1.649257461826E9,1.649257521854E9,10472508,794748456
ac:64:62:e9:59:11,1.649257461789E9,1.649257521827E9,1709,792905381
a4:f4:c2:1a:07:87,1.649257461645E9,1.649257521647E9,878,788385141
a4:f4:c2:fb:b2:7f,1.649257469676E9,1.649257535244E9,156,781783673
a0:65:18:3e:c3:97,1.649257461662E9,1.649257521784E9,2167,781351829
24:43:e2:58:c8:c9,1.649257461645E9,1.649257521693E9,74507172,779245093
a0:65:18:74:fa:dc,1.649257465317E9,1.649257525317E9,1961114,777618827
a0:65:18:2d:01:b6,1.649257461703E9,1.649257521711E9,14587820,775458022
18:44:e6:a4:27:2c,1.649257461646E9,1.649257523176E9,35912,767405131
d4:9a:a0:a7:f3:d9,1.649257462016E9,1.649257522048E9,8864597,766416187
a0:65:18:65:c4:a5,1.649257461659E9,1.649257521662E9,31551417,765693043
ac:64:62:e8:a3:d1,1.649257461647E9,1.649257524368E9,12830711,765240884
a4:f4:c2:dd:fd:ae,1.649257461747E9,1.649257521822E9,219342,765150805
98:13:33:f7:7f:d6,1.649257462098E9,1.649257532171E9,484,762344620
a0:65:18:64:58:b8,1.649257463468E9,1.649257524005E9,952,759688413
d4:9a:a0:b2:54:62,1.649257461708E9,1.649257522067E9,9783251,756111032
a0:65:18:4a:9c:d0,1.649257462219E9,1.649257524363E9,39128750,751689077
98:f4:28:eb:63:2f,1.649257462215E9,1.649257522235E9,2086181,750451359
d4:9a:a0:e7:02:f9,1.649257462316E9,1.649257523153E9,512,746573447
d4:9a:a0:64:47:48,1.649257461747E9,1.649257521747E9,7169149,743561060
cc:71:90:11:88:79,1.64925746165E9,1.64925752179E9,245201,737692244
a0:65:18:81:f7:7d,1.649257462422E9,1.649257522609E9,19743,730923800
a4:f4:c2:dd:f1:2d,1.649257462658E9,1.649257522725E9,78,730792883
a4:f4:c2:dd:72:1c,1.649257461659E9,1.649257521674E9,2418047,728681095
50:06:ab:e3:ff:15,1.649257462732E9,1.649257522761E9,1598785,723030641
d4:9a:a0:87:29:48,1.649257461661E9,1.649257521681E9,42291801,719490781
a0:65:18:98:55:1b,1.649257461646E9,1.649257521646E9,11131219,714377293
a0:65:18:74:fb:e1,1.649257462926E9,1.649257523553E9,5249646,712621024
d4:9a:a0:03:9a:8f,1.649257463081E9,1.649257523797E9,18995947,706219172
cc:71:90:00:17:11,1.64925746168E9,1.649257522144E9,12298000,704922973
ac:64:62:e9:50:10,1.64925746166E9,1.649257522899E9,42307881,702293110
a0:65:18:c8:11:aa,1.649257461788E9,1.6492575219E9,23409369,701257525
ac:64:62:e9:10:1e,1.649257461654E9,1.649257521657E9,4542173,698773740
a0:65:18:53:bb:f3,1.649257461698E9,1.649257521704E9,188,698223386
98:f4:28:e1:e0:b9,1.649257461647E9,1.649257521844E9,47525667,697006923
5c:c7:d7:1e:ee:4e,1.649257471764E9,1.64925754021E9,261,691376906
a4:f4:c2:dd:87:c1,1.649257462352E9,1.649257523124E9,454401,688736290
ac:64:62:d3:31:54,1.649257472743E9,1.649257547953E9,156,687619309
d4:9a:a0:b2:37:99,1.649257461651E9,1.649257521662E9,12545516,686775837
94:a7:b7:d2:ea:43,1.649257461791E9,1.649257522906E9,1818,677577957
a0:65:18:44:79:4e,1.649257480287E9,1.649257575778E9,1285,677012440
18:44:e6:a4:27:36,1.649257461645E9,1.64925752165E9,6651736,676843692
94:a7:b7:d2:27:ac,1.649257461657E9,1.649257521677E9,39066584,676316179
18:44:e6:a3:90:78,1.649257462223E9,1.649257522664E9,3360,675525529
d4:9a:a0:f2:8e:82,1.649257462129E9,1.649257522186E9,58765521,675015503
a0:65:18:64:4b:47,1.649257464742E9,1.649257524829E9,38720419,661406809
a0:65:18:a3:f4:46,1.649257461742E9,1.649257521772E9,18795105,659192766
a4:f4:c2:1b:1e:72,1.649257461645E9,1.649257521654E9,34051077,656438140
a0:65:18:5d:21:18,1.649257461645E9,1.649257521993E9,40408549,650265544
a0:65:18:42:c4:4d,1.649257461648E9,1.64925752165E9,4993688,649718174
a0:65:18:3f:e8:e6,1.649257461652E9,1.649257521657E9,28181238,646552038
a0:65:18:4f:3d:fd,1.649257463363E9,1.649257523368E9,63844,642476624
c4:a3:66:e8:39:7c,1.649257463645E9,1.64925752366E9,16769136,634589673
98:f4:28:e2:59:cc,1.649257461823E9,1.649257523322E9,4712,633265099
a0:65:18:61:37:1f,1.649257461706E9,1.649257521715E9,391076,630315589
a0:65:18:4c:47:a5,1.649257461774E9,1.649257521804E9,704309,623844772
a0:65:18:75:a7:1f,1.649257465565E9,1.649257542706E9,0,623338419
98:f4:28:e2:bd:59,1.649257461648E9,1.649257521967E9,15037462,615233885
a0:65:18:44:a7:59,1.649257462944E9,1.649257522946E9,70135672,609234244
a0:65:18:2d:01:c5,1.649257466001E9,1.649257528164E9,3469,606995368
20:76:93:4c:53:e5,1.649257475155E9,1.649257536464E9,1168798,606331732
a0:65:18:60:fc:7b,1.649257463182E9,1.64925752369E9,22532824,594929013
a0:65:18:40:e7:8f,1.649257462509E9,1.649257525187E9,13041282,594288103
a4:f4:c2:15:59:89,1.649257461649E9,1.64925752166E9,2071,593465465
d4:9a:a0:b7:1e:d9,1.649257461647E9,1.649257521647E9,11416310,591240593
94:a7:b7:d2:e1:42,1.649257464289E9,1.649257529509E9,1468,590348776
a0:65:18:ad:d0:81,1.649257461926E9,1.649257521933E9,28486529,587513487
00:1d:aa:23:1e:29,1.649257464354E9,1.649257530906E9,0,570706379
c4:a3:66:ec:1f:9c,1.649257461646E9,1.64925752165E9,882,569881473
a0:65:18:2d:53:91,1.649257461645E9,1.649257521651E9,920568,567009880
cc:71:90:00:57:21,1.649257461645E9,1.649257521853E9,53289836,564394017
d4:9a:a0:b2:36:12,1.649257461658E9,1.649257523107E9,12354461,557573580
98:13:33:f7:59:66,1.649257464296E9,1.649257526814E9,2300,556821568
98:f4:28:e1:f7:6b,1.64925746165E9,1.649257521659E9,37756275,556199448
a0:65:18:56:bb:7e,1.649257466592E9,1.649257540965E9,648,551606704
98:f4:28:ea:6a:92,1.649257470191E9,1.649257530424E9,0,550547980
d4:9a:a0:c9:ba:c1,1.649257461683E9,1.649257521828E9,16710051,544440011
d4:9a:a0:f2:83:ca,1.649257462784E9,1.649257523013E9,27674102,542867683
24:43:e2:57:df:81,1.649257461767E9,1.649257522344E9,6801622,541348599
94:a7:b7:d1:fb:10,1.649257461664E9,1.649257521666E9,827787,539444811
a0:65:18:69:6a:71,1.64925746168E9,1.649257521687E9,23949231,539023266
a0:65:18:5f:68:41,1.64925746169E9,1.649257521756E9,29150264,536409102
ac:64:62:d3:04:d1,1.649257462307E9,1.649257538814E9,19631,536259992
d4:9a:a0:39:73:cf,1.64925746334E9,1.649257524063E9,2185,533888822
a0:65:18:9f:aa:a0,1.649257464387E9,1.649257525702E9,0,531563608
a0:65:18:ab:c6:9c,1.649257465147E9,1.649257535341E9,78,531207736
a0:65:18:5e:ed:71,1.649257464541E9,1.649257524707E9,1099542,526272237
98:f4:28:ea:7c:d5,1.649257461655E9,1.64925752167E9,7597494,523584279
a0:65:18:5a:b4:4e,1.649257461647E9,1.64925752455E9,0,523283614
98:f4:28:e5:2d:ed,1.649257461649E9,1.649257521653E9,19320655,521793338
18:44:e6:bc:43:f1,1.649257462711E9,1.649257523376E9,1180,521369511
98:f4:28:db:58:01,1.649257461658E9,1.64925752168E9,12475170,519391677
d4:9a:a0:50:36:e7,1.649257462653E9,1.649257522693E9,33686418,517116559
cc:71:90:57:7c:4a,1.649257463349E9,1.649257525469E9,16345973,514456585
a4:f4:c2:bb:d2:4e,1.649257461648E9,1.649257523052E9,40718,513794355
a0:65:18:41:bc:8f,1.649257463198E9,1.649257525034E9,8748968,510770277
c4:a3:66:ec:52:90,1.649257462441E9,1.649257522441E9,10604432,507037148
d4:9a:a0:03:13:3f,1.649257462356E9,1.649257522411E9,167,505920455
a0:65:18:38:1d:a4,1.649257461654E9,1.649257521676E9,8744553,505652997
a4:f4:c2:1a:07:cc,1.649257462865E9,1.649257525148E9,0,504512409
ac:64:62:d1:29:3b,1.649257468656E9,1.649257529107E9,6533709,498933829
cc:71:90:1b:cd:99,1.649257461645E9,1.649257521646E9,360,498472064
a0:65:18:6d:3c:50,1.64925746175E9,1.649257521954E9,1846,494380145
a0:65:18:31:9f:77,1.649257461645E9,1.649257521646E9,19820018,493943072
a0:65:18:98:95:65,1.649257461731E9,1.64925752248E9,5074383,492554246
a0:65:18:49:a6:5e,1.649257462265E9,1.649257524326E9,0,491977641
98:f4:28:db:8f:9c,1.649257461755E9,1.649257523778E9,1220573,490755209
98:f4:28:e2:a0:76,1.649257465891E9,1.649257535283E9,1197125,490722440
98:f4:28:eb:0f:56,1.649257461647E9,1.649257521889E9,19754774,483594902
a0:65:18:67:f5:24,1.649257462632E9,1.64925752328E9,1743656,480764229
18:44:e6:a3:86:37,1.649257464407E9,1.649257525156E9,4712,478787148
98:f4:28:e5:8f:13,1.649257461645E9,1.649257521648E9,1395278,474600430
98:f4:28:e5:71:ae,1.649257462091E9,1.649257522092E9,11074970,473672712
a0:65:18:9b:c5:0e,1.649257461726E9,1.649257521737E9,8140166,471921079
a0:65:18:75:3a:fb,1.649257463663E9,1.649257526266E9,4134743,470935658
98:f4:28:e3:05:34,1.649257466682E9,1.649257527462E9,234,470883466
d4:9a:a0:87:e8:d0,1.649257461649E9,1.64925752165E9,8271732,466146136
d4:9a:a0:b2:eb:61,1.64925746773E9,1.649257529141E9,1358979,461396272
c4:a3:66:eb:53:f0,1.649257461676E9,1.649257522211E9,38445438,461302767
d4:9a:a0:da:80:21,1.649257462132E9,1.649257522566E9,30745,460394828
a0:65:18:4c:c6:c5,1.649257465317E9,1.649257527802E9,1122197,457020302
a0:65:18:8c:53:cc,1.649257461651E9,1.649257521662E9,25086557,453376726
c4:a3:66:e8:7d:26,1.649257462086E9,1.649257522211E9,21294113,451712845
d4:9a:a0:42:dc:87,1.64925746165E9,1.649257522729E9,9309920,449369377
a0:65:18:74:fe:5d,1.649257462134E9,1.649257522171E9,9595828,449145003
a4:f4:c2:19:f1:52,1.649257461673E9,1.649257521673E9,37244509,448952644
a0:65:18:3c:aa:7f,1.649257474677E9,1.649257534735E9,0,443003328
d4:9a:a0:5f:97:6f,1.649257461684E9,1.64925752273E9,16936398,437768743
d4:9a:a0:f2:ba:d1,1.649257462628E9,1.649257533239E9,600,430774766
c4:a3:66:e8:4f:a2,1.649257462133E9,1.6492575222E9,38893143,425787248
d4:9a:a0:ec:45:82,1.649257461652E9,1.649257521659E9,26649038,423706235
a0:65:18:54:a6:ec,1.649257461732E9,1.649257522307E9,14220158,418833678
cc:71:90:1b:d3:21,1.649257462574E9,1.649257522581E9,14375655,416869107
a0:65:18:a3:bc:69,1.6492574672E9,1.649257531121E9,2196334,413590743
a0:65:18:54:a4:6a,1.649257462431E9,1.649257522585E9,25952614,411095899
a0:65:18:31:aa:12,1.649257461703E9,1.649257521894E9,27320806,410613955
98:f4:28:e1:b1:2f,1.649257463179E9,1.649257523179E9,14667305,407985797
d4:9a:a0:d8:12:c1,1.649257461666E9,1.649257521666E9,2961280,407826887
d4:9a:a0:56:17:57,1.649257468225E9,1.649257528775E9,0,404867979
98:f4:28:e2:08:d2,1.649257464931E9,1.649257526916E9,428,403368765
a4:f4:c2:d0:b9:3c,1.649257461657E9,1.649257521798E9,47621837,401472043
5c:c7:d7:1e:f0:7e,1.649257467062E9,1.649257527524E9,6290,400072177
a0:65:18:74:bb:c0,1.64925746425E9,1.649257525715E9,202482,397478922
a0:65:18:2f:65:08,1.649257461657E9,1.64925752166E9,39690033,396775970
a4:f4:c2:9f:ab:d2,1.64925747208E9,1.649257532856E9,0,395781372
a0:65:18:3b:75:f7,1.649257463408E9,1.649257523777E9,10059,391521676
d4:9a:a0:80:d1:77,1.649257461757E9,1.64925752187E9,10189013,391459858
ac:64:62:e9:9a:57,1.649257462757E9,1.649257522762E9,10465563,390436219
d4:9a:a0:03:33:df,1.649257461978E9,1.649257521979E9,80677,389374096
98:f4:28:e5:34:55,1.649257462544E9,1.649257522565E9,6456,384600122
d4:9a:a0:4b:a4:60,1.649257463809E9,1.649257532604E9,78,383558731
a0:65:18:49:6d:d0,1.649257461645E9,1.649257521653E9,12613694,382957336
a0:65:18:3e:04:f0,1.649257463704E9,1.649257525789E9,2310479,370964835
18:44:e6:bc:eb:f3,1.649257461802E9,1.649257522016E9,1163,370294743
a0:65:18:d1:a1:c8,1.649257462554E9,1.649257523872E9,9081312,368109269
a0:65:18:64:63:83,1.649261426631E9,1.649261487562E9,14681363,365483259
d4:9a:a0:88:57:d8,1.649257462291E9,1.64925752263E9,56688065,362648310
a0:65:18:75:24:a0,1.64925746232E9,1.649257522593E9,3290787,361202685
a0:65:18:54:a4:40,1.649257461824E9,1.649257521891E9,6689334,360545792
a0:65:18:7a:4b:8b,1.649257461645E9,1.649257521648E9,53959217,358382816
98:f4:28:e3:26:db,1.64925746201E9,1.649257522108E9,3403985,357677516
a0:65:18:83:0e:c8,1.649257461897E9,1.649257522368E9,520492,354667577
94:a7:b7:d2:12:f8,1.649257461993E9,1.649257523443E9,14242562,353306910
a0:65:18:38:ed:58,1.649257466685E9,1.649257526746E9,0,352525389
a0:65:18:8c:ae:43,1.649257461645E9,1.649257521646E9,2196,351354185
a0:65:18:3b:65:74,1.649257463233E9,1.64925752451E9,21768,350402570
18:44:e6:bc:48:4c,1.649257462918E9,1.6492575242E9,1034,349530238
ec:8a:4c:fb:53:46,1.649257461709E9,1.649257521833E9,9346,348248838
a0:65:18:75:b8:05,1.649257461645E9,1.649257521653E9,10122250,346781380
a0:65:18:08:1e:bb,1.649257461647E9,1.649257521657E9,364192,345217460
c4:a3:66:e5:d4:da,1.649257461645E9,1.649257521646E9,38014368,344116644
98:f4:28:ea:37:c5,1.649257461813E9,1.649257521814E9,90233716,342916425
c4:a3:66:e8:5d:70,1.649257462366E9,1.649257523145E9,664,342010057
a0:65:18:41:c8:20,1.649257461739E9,1.649257538469E9,392,339466198
c4:a3:66:e6:8a:60,1.649257463391E9,1.649257526012E9,7323,339249962
d4:9a:a0:c9:66:72,1.649257462323E9,1.64925752239E9,299125,338240923
a0:65:18:75:37:08,1.649281776596E9,1.649281836696E9,96440,335946985
a0:65:18:64:56:c0,1.649257461988E9,1.649257524892E9,107403,334114234
74:83:c2:6d:ec:34,1.649257465726E9,1.64925752573E9,53924360,333967297
a0:65:18:2d:52:26,1.64925746302E9,1.649257524244E9,39353326,333824290
a0:65:18:77:5d:82,1.649257463021E9,1.649257525188E9,19545,328921928
a4:f4:c2:cd:15:01,1.649257473844E9,1.649257548515E9,746,328282995
a0:65:18:72:54:2e,1.649257465019E9,1.649257528004E9,7279,327786492
c4:a3:66:ec:13:00,1.649257461747E9,1.64925752191E9,37543849,327687015
c4:a3:66:e6:3d:20,1.649257462556E9,1.649257523245E9,38639154,320190584
d4:9a:a0:cb:9c:89,1.649257463807E9,1.64925752433E9,73500,316403210
c4:a3:66:eb:cf:8c,1.649257463693E9,1.649257523789E9,7639476,312929368
a0:65:18:b0:dd:80,1.649257462464E9,1.649257522467E9,21029786,312505313
a4:f4:c2:1a:a8:76,1.649292348649E9,1.649292412312E9,130255,312432165
98:f4:28:ea:38:1a,1.649257461646E9,1.649257521717E9,77994776,312258351
a0:65:18:74:64:f6,1.649257468462E9,1.649257533697E9,331,311345432
a0:65:18:44:79:6f,1.649257461648E9,1.649257521652E9,13329258,309370407
d4:9a:a0:63:d9:88,1.649257462557E9,1.649257535054E9,78,307535907
cc:71:90:42:df:c1,1.649257462146E9,1.649257522153E9,22689444,305729311
d4:9a:a0:64:f6:20,1.649257461654E9,1.649257522396E9,3896,304633037
70:9f:2d:fb:67:3c,1.64925746165E9,1.649257521735E9,20350,304473903
98:f4:28:db:42:d0,1.649257461645E9,1.649257522513E9,38446370,303497243
a4:f4:c2:19:d7:75,1.64925746165E9,1.649257521672E9,1187337,302682547
a0:65:18:79:f0:dd,1.64925746185E9,1.649257522383E9,15935244,302182462
a0:65:18:c9:8e:ec,1.649257462164E9,1.64925752225E9,9085994,301040608
a0:65:18:3d:dd:51,1.649257461658E9,1.649257521661E9,950873,299746063
c4:a3:66:ec:09:e8,1.649257461697E9,1.649257521698E9,63775576,296152630
d4:9a:a0:50:59:57,1.649257462817E9,1.649257522818E9,88941844,295749201
ac:64:62:d6:92:09,1.649257479629E9,1.649257540605E9,0,295368523
a0:65:18:9f:a0:e3,1.649257461734E9,1.649257521772E9,29150172,294086708
d4:9a:a0:c9:61:92,1.649257461645E9,1.649257521645E9,92343645,293927364
a4:f4:c2:1a:3a:03,1.649257461645E9,1.649257521646E9,15139579,293220826
d4:9a:a0:da:7f:39,1.649257461809E9,1.649257521809E9,85565962,290257150
94:a7:b7:d1:fa:fc,1.649257461645E9,1.649257521646E9,37351161,289352672
a0:65:18:0e:ec:37,1.649257461651E9,1.649257521892E9,292554,287345462
ac:64:62:d3:42:20,1.649257462324E9,1.649257522387E9,20482,282614387
ac:64:62:e9:a2:31,1.649257461646E9,1.649257524883E9,77382,282250680
a4:f4:c2:dd:d4:29,1.649257461646E9,1.649257521654E9,25231617,281667713
a0:65:18:b7:9a:2c,1.649257463158E9,1.649257524842E9,950,281448879
a0:65:18:74:f1:19,1.649257461702E9,1.649257521702E9,1482,281387362
a0:65:18:2d:5c:5e,1.649257465469E9,1.649257537107E9,156,279708153
a4:f4:c2:9b:ea:a0,1.649257462377E9,1.649257522383E9,42415188,279166279
a0:65:18:41:b8:f0,1.649257461954E9,1.649257522411E9,52864,276875275
a0:65:18:34:3b:f3,1.649257462315E9,1.649257523004E9,49125071,276814408
a4:f4:c2:d0:be:5c,1.649257472991E9,1.649257542392E9,0,276333458
a0:65:18:91:54:b3,1.649257463267E9,1.649257523529E9,144,276233768
a0:65:18:4a:50:3e,1.64925746165E9,1.649257521652E9,160514,274493818
d4:9a:a0:5d:d5:9f,1.649257461686E9,1.64925752172E9,63329347,273455673
d4:9a:a0:cb:9e:29,1.649257465982E9,1.64925752662E9,3290,273064422
a4:f4:c2:dd:cb:32,1.649287201061E9,1.649287261767E9,963,271553687
a0:65:18:51:bf:c7,1.649257467845E9,1.649257528291E9,25024657,268180716
a4:f4:c2:d9:e1:aa,1.649257461647E9,1.649257522336E9,38898178,266798974
d4:9a:a0:e6:f2:41,1.649257461801E9,1.649257522061E9,1990168,266701710
a4:f4:c2:9f:97:a8,1.649257463422E9,1.649257525439E9,78,266097753
18:44:e6:bc:a1:3e,1.649257471182E9,1.649257536814E9,11147,265890801
a4:f4:c2:0a:11:f5,1.649257461645E9,1.649257521651E9,38584592,263987188
ac:64:62:e9:53:26,1.649257461664E9,1.649257521675E9,7199430,258313343
a0:65:18:54:51:f3,1.649257465276E9,1.649257525327E9,0,252585369
d4:9a:a0:c9:6e:52,1.649257461931E9,1.649257521932E9,8209,250739260
d4:9a:a0:19:69:ff,1.649257461645E9,1.649257523473E9,6131744,250561768
a4:f4:c2:bb:28:07,1.649257462913E9,1.649257523647E9,11104794,248955301
a4:f4:c2:1a:d1:4a,1.649257464856E9,1.649257529361E9,234,247701219
a4:f4:c2:1a:0c:12,1.64925746167E9,1.649257521681E9,10875875,247201290
a0:65:18:49:0d:b2,1.64925746165E9,1.64925752165E9,727006,246043544
d4:9a:a0:81:fa:ef,1.649257461871E9,1.649257524071E9,7687295,243958184
d4:9a:a0:b7:0c:b1,1.649257461877E9,1.649257521881E9,15291610,241861091
a0:65:18:2f:05:33,1.6492574631E9,1.649257523437E9,69016,241146683
a0:65:18:91:65:8a,1.649257461671E9,1.649257521687E9,2847467,240696932
a0:65:18:36:76:b6,1.64928455955E9,1.649284651704E9,0,240518829
d4:9a:a0:f2:b4:a9,1.64925746166E9,1.649257521662E9,15122651,239867804
a4:f4:c2:dd:6f:64,1.649257471848E9,1.649257535411E9,0,239409569
a4:f4:c2:dd:2d:91,1.649257461869E9,1.649257522417E9,20981497,239327153
a4:f4:c2:9f:bf:4a,1.649257461672E9,1.649257521699E9,4827249,238920234
24:43:e2:6b:df:71,1.649257463609E9,1.649257536761E9,156,237687783
a4:f4:c2:0e:37:3b,1.649257461698E9,1.649257521709E9,1004111,236386771
ac:64:62:e9:5f:4c,1.649257461773E9,1.649257523195E9,21487,235837732
a4:f4:c2:1a:98:9e,1.649257461871E9,1.649257525673E9,38978871,233468046
a0:65:18:2e:fa:86,1.649257463677E9,1.649257525195E9,234,232414507
70:9f:2d:d3:63:aa,1.649257461647E9,1.64925752165E9,42724587,232024925
98:f4:28:ea:53:72,1.649257461645E9,1.649257521645E9,53731637,231840801
a0:65:18:6c:7a:3d,1.649257461652E9,1.649257521968E9,3915823,230688766
ac:64:62:e9:52:9a,1.649257461919E9,1.649257521942E9,16799315,229344365
d4:9a:a0:1e:7a:cf,1.649257464754E9,1.649257528919E9,78,228851757
18:44:e6:bc:a2:e7,1.649257461936E9,1.649257522051E9,0,227497403
a0:65:18:c6:15:a5,1.649257462408E9,1.649257522505E9,1567,227293240
d4:9a:a0:39:d2:1f,1.649257462249E9,1.649257522319E9,2805036,226382132
a0:65:18:42:ce:31,1.649257461672E9,1.649257522201E9,15889,226056177
a4:f4:c2:1a:ec:59,1.649281286409E9,1.649281347171E9,14615408,224003598
a4:f4:c2:c2:7f:bb,1.649257461792E9,1.649257523182E9,21758655,223776202
c4:a3:66:e6:63:54,1.649257462318E9,1.649257522423E9,38361810,223029196
ac:64:62:e9:ab:c8,1.649257462488E9,1.649257523294E9,38754184,221758153
a0:65:18:48:f3:ab,1.649257461788E9,1.649257521878E9,372,221123439
a0:65:18:66:fa:08,1.649257462397E9,1.649257522533E9,422,219847936
18:44:e6:bc:dc:94,1.649257462157E9,1.649257522157E9,48022965,219409304
18:44:e6:a3:ee:47,1.649257462441E9,1.649257528171E9,1494,218762192
a4:f4:c2:1a:01:c9,1.649257461944E9,1.649257524698E9,520,217574868
d4:9a:a0:4c:f8:21,1.649257461649E9,1.649257522214E9,1506338,217008531
a0:65:18:82:8b:d9,1.649257462406E9,1.649257522645E9,9919,214976727
a0:65:18:10:77:b9,1.649257461851E9,1.649257521962E9,10069366,212088828
18:44:e6:a3:88:c1,1.649257463286E9,1.649257526757E9,865,212053500
d4:9a:a0:d9:1b:c2,1.649257461788E9,1.649257522367E9,65745541,211233661
d4:9a:a0:b2:f0:81,1.649257461808E9,1.649257521812E9,10701829,209587083
d4:9a:a0:f2:85:99,1.649257462167E9,1.649257522172E9,135851613,208749802
98:f4:28:ea:40:35,1.649257461962E9,1.649257521962E9,7371952,207963136
a4:f4:c2:1b:12:20,1.649257461656E9,1.649257521836E9,63527,206949186
a0:65:18:5f:e6:fb,1.649257461939E9,1.649257521939E9,29232914,205834568
d4:9a:a0:86:fc:b8,1.649257462556E9,1.649257522924E9,11731139,205017065
d4:9a:a0:f2:83:1a,1.649257463758E9,1.649257523788E9,360,204964988
d4:9a:a0:80:cf:ef,1.649257461656E9,1.649257521939E9,566787,202493208
98:f4:28:e2:2e:7a,1.649257463821E9,1.649257524255E9,188,202456404
98:f4:28:da:88:f4,1.649257461904E9,1.649257521991E9,3606,201956427
a4:f4:c2:1a:32:65,1.649257461648E9,1.649257521649E9,1406776,201114191
18:44:e6:a3:86:91,1.649257462245E9,1.649257534413E9,428,200350665
a4:f4:c2:e5:02:1f,1.649257462653E9,1.649257522747E9,4304830,199848866
a0:65:18:5e:ed:59,1.649257469929E9,1.649257530658E9,17577,199615215
a0:65:18:64:64:28,1.64925746199E9,1.649257524876E9,33858,196958725
d4:9a:a0:c2:6d:81,1.649257461736E9,1.649257522203E9,1762,194925467
18:44:e6:a3:ea:73,1.649257462556E9,1.649257522596E9,674,194403541
c4:a3:66:eb:86:84,1.649257471379E9,1.649257550538E9,70,191781873
a4:f4:c2:dd:ee:a8,1.649257467312E9,1.649257543183E9,78,191127743
18:44:e6:bc:ce:a2,1.649257461661E9,1.64925752273E9,48879,190361791
a0:65:18:95:cb:aa,1.649257461648E9,1.649257521651E9,9170223,188678746
d4:9a:a0:c9:6a:62,1.649257462102E9,1.649257522115E9,246418,186426827
a0:65:18:75:b8:08,1.649257463205E9,1.649257523902E9,2093,186288887
c4:a3:66:e5:d4:4a,1.649257470746E9,1.649257531851E9,0,186269157
ac:64:62:d1:15:54,1.649257462195E9,1.649257535686E9,78,186113124
94:a7:b7:d2:52:f4,1.6492574617E9,1.6492575217E9,0,185656888
98:f4:28:da:5e:a1,1.649257463022E9,1.649257525357E9,1594174,185118904
70:9f:2d:d3:eb:59,1.649257461653E9,1.649257521654E9,19868111,185104639
a0:65:18:3e:c4:84,1.649257461647E9,1.649257521802E9,1153,184956343
98:f4:28:da:94:8e,1.649257461658E9,1.649257521658E9,25571904,184597093
a0:65:18:9b:9c:f1,1.649257464616E9,1.649257524884E9,156,183170225
a4:f4:c2:a0:20:a6,1.649257462738E9,1.649257526472E9,595,181366819
70:9f:2d:d3:82:f9,1.649257463818E9,1.649257526778E9,0,180984392
a0:65:18:7a:4b:07,1.649257462852E9,1.649257543233E9,0,180824553
98:f4:28:db:ab:a3,1.649257461699E9,1.649257521709E9,0,178874185
d4:9a:a0:63:be:c8,1.649257462702E9,1.649257527856E9,230,176035751
44:f4:36:e8:af:58,1.649257467157E9,1.649257527419E9,41061783,175264941
98:f4:28:e1:90:fa,1.649257462864E9,1.649257536485E9,2178,174384481
cc:71:90:0b:5b:51,1.649257461652E9,1.649257521668E9,14412141,174376147
a0:65:18:3e:b8:f9,1.649257473564E9,1.649257536562E9,2340,173896066
cc:71:90:00:62:b1,1.649257480714E9,1.649257543227E9,78,173341742
a0:65:18:6f:c0:9c,1.649257465388E9,1.649257529568E9,6204,172634237
cc:71:90:1b:5b:b1,1.649257461698E9,1.649257521702E9,315090,172427193
d4:9a:a0:b7:0e:09,1.649257464547E9,1.649257524593E9,5053,171172240
94:a7:b7:d1:f9:3a,1.649257461656E9,1.649257521671E9,28974486,170337848
d4:9a:a0:03:35:4f,1.64929659564E9,1.64929665564E9,4791918,169992605
cc:71:90:1b:2b:91,1.649257462981E9,1.649257522997E9,38707502,169298108
a0:65:18:2f:69:fb,1.649257993929E9,1.649258058924E9,0,168787058
a4:f4:c2:1b:18:ad,1.649257481704E9,1.649257594489E9,2775,167465273
a0:65:18:86:92:5f,1.64925746181E9,1.649257524742E9,343,165105630
a0:65:18:8d:af:20,1.649257461735E9,1.649257522586E9,11632153,164651165
d4:9a:a0:c9:6b:6a,1.649257465406E9,1.649257525686E9,360,163552773
a0:65:18:48:f1:bf,1.649257462866E9,1.649257524448E9,78,162611169
a4:f4:c2:1a:61:fc,1.649257461646E9,1.649257521647E9,422251,161453344
c4:a3:66:eb:92:c6,1.649257461746E9,1.649257521769E9,21327,160047083
a4:f4:c2:04:54:88,1.649257469505E9,1.649257532719E9,0,159432430
c4:a3:66:e6:51:9c,1.649257461645E9,1.649257522173E9,1688315,158697152
d4:9a:a0:5f:bd:47,1.649257461645E9,1.649257521652E9,62185505,158121370
cc:71:90:00:54:f1,1.649257461645E9,1.649257521694E9,2955175,156715921
a0:65:18:9f:81:c9,1.649257463045E9,1.649257523103E9,38657403,153979331
a0:65:18:4c:c6:dd,1.649257461664E9,1.649257521665E9,7141890,153874977
a0:65:18:ac:ab:83,1.649257461652E9,1.649257538155E9,0,153786332
a0:65:18:15:b1:dd,1.649257461877E9,1.649257522501E9,12292,152891399
a0:65:18:74:97:fc,1.649257461658E9,1.649257522933E9,17458890,151162663
a0:65:18:9b:3d:c3,1.649257462754E9,1.649257523028E9,28433884,151113292
a0:65:18:aa:b3:5c,1.649257466485E9,1.649257526883E9,1836,151052994
a0:65:18:74:ff:9b,1.649257463499E9,1.649257526498E9,3366,150969333
98:f4:28:ea:37:70,1.649257463606E9,1.649257525933E9,12821,150908969
18:44:e6:a3:e1:bd,1.649257462848E9,1.649257522957E9,2410,149759935
cc:71:90:11:2d:91,1.649257461775E9,1.649257521816E9,11618286,149198236
a0:65:18:34:fd:08,1.649257463104E9,1.649257543471E9,1404,147802479
a0:65:18:a0:4b:44,1.649257463011E9,1.649257558017E9,234,147752507
a0:65:18:9d:8d:83,1.649257461652E9,1.649257522554E9,2007616,147389176
a0:65:18:42:c7:05,1.649257462345E9,1.649257523616E9,0,145605464
98:f4:28:e1:a1:da,1.649257461647E9,1.649257521797E9,38451012,144735270
a0:65:18:3b:6c:77,1.649257461648E9,1.649257522148E9,8791223,144701314
98:f4:28:eb:a3:03,1.649257461789E9,1.649257521967E9,2825595,144188496
cc:71:90:0a:ea:11,1.649257461645E9,1.649257521652E9,32646852,143508891
c4:a3:66:eb:60:9e,1.649257462684E9,1.64925752307E9,5816,142704937
a0:65:18:ad:c8:3e,1.649257461645E9,1.649257521662E9,7420851,141815747
a0:65:18:31:be:bf,1.649257461648E9,1.64925752165E9,1538136,140957402
98:f4:28:db:2c:55,1.6492574638E9,1.649257531407E9,156,140090915
ac:64:62:e9:ae:ed,1.649257461679E9,1.64925752172E9,17036654,139844772
a0:65:18:8c:49:21,1.649257461758E9,1.649257522989E9,2641,139783912
a0:65:18:86:92:53,1.64925748061E9,1.649257544841E9,0,138614275
24:43:e2:57:1b:49,1.64925746234E9,1.649257522427E9,78,138518358
d4:9a:a0:8f:9d:31,1.649257461879E9,1.649257522385E9,7662,137565094
a0:65:18:98:50:05,1.649257505943E9,1.649257566167E9,0,137438612
98:f4:28:ea:36:f8,1.649257461674E9,1.649257521723E9,858,136194979
a4:f4:c2:dd:e3:b5,1.649257461757E9,1.649257529244E9,0,135950106
24:43:e2:47:7e:d1,1.649257463356E9,1.649257523533E9,8053333,135904842
a0:65:18:6d:0e:bd,1.649257461653E9,1.649257521653E9,19257580,131505347
a0:65:18:7a:15:43,1.649257465821E9,1.649257533043E9,78,131476066
a4:f4:c2:fb:a6:b7,1.649257462599E9,1.649257527794E9,14702150,130981825
a4:f4:c2:d0:38:bc,1.6492574682E9,1.649257543178E9,78,130862701
98:f4:28:ea:e6:16,1.649257464439E9,1.649257526128E9,31023394,130660909
c4:a3:66:ec:12:d6,1.649257463692E9,1.649257554142E9,78,130486226
a0:65:18:ac:0a:eb,1.649257461648E9,1.649257521657E9,39575632,130362380
d4:9a:a0:64:f7:7f,1.649287762049E9,1.64928782219E9,335830,129619004
24:43:e2:57:12:81,1.649257462395E9,1.649257523192E9,2502,129144901
a0:65:18:2d:5d:4b,1.649257461645E9,1.649257521645E9,14573183,129141319
d4:9a:a0:6a:78:b1,1.649257464287E9,1.64925752434E9,21417852,127802592
d4:9a:a0:cb:85:69,1.649257461651E9,1.649257521652E9,33861598,126970529
a0:65:18:31:70:6a,1.649257461805E9,1.649257521959E9,9482501,126497144
a4:f4:c2:e9:d1:07,1.649257464282E9,1.649257524347E9,14034471,126158701
a4:f4:c2:19:d9:34,1.649257461673E9,1.649257521711E9,154161,124948260
a0:65:18:50:4e:e8,1.649257461657E9,1.649257521665E9,1920842,124325462
a4:f4:c2:1a:14:83,1.649257462758E9,1.649257522943E9,35438975,123132748
a0:65:18:35:0e:3c,1.649257461766E9,1.649257521771E9,35877704,121645437
a0:65:18:3f:e3:3a,1.649257463583E9,1.649257532622E9,156,121602022
c4:a3:66:e6:4e:78,1.649257464038E9,1.649257526921E9,4154,121518070
d4:9a:a0:86:66:00,1.649257462337E9,1.649257523965E9,14415,120748688
d4:9a:a0:80:8d:e7,1.649296311636E9,1.649296428825E9,390,120621331
a0:65:18:3e:cb:2f,1.649257462332E9,1.649257522998E9,13662080,120091050
a4:f4:c2:c2:cf:80,1.649257462271E9,1.64925752837E9,78,119328734
a0:65:18:c5:be:cf,1.649257461763E9,1.649257522234E9,45444696,118864007
98:f4:28:ea:9e:cc,1.649257462819E9,1.649257522821E9,39070,118002486
a4:f4:c2:d0:7b:8d,1.649257461922E9,1.649257522529E9,1744888,117507820
c4:a3:66:eb:54:6e,1.649257461649E9,1.649257521649E9,68909336,117189544
a0:65:18:4c:6f:6e,1.64925746326E9,1.649257523379E9,520449,117105731
cc:71:90:39:48:79,1.649257464223E9,1.649257524451E9,13009548,116821055
98:13:33:f7:54:e0,1.649257485044E9,1.649257556228E9,0,116370727
a4:f4:c2:aa:88:60,1.64925746287E9,1.649257523031E9,40079,115808568
a0:65:18:2e:f1:34,1.649257461653E9,1.649257522172E9,15473,115667333
a4:f4:c2:af:0b:b7,1.649257461893E9,1.649257522009E9,374032,114824466
94:a7:b7:d2:70:86,1.64925746245E9,1.649257525448E9,746,114545781
d4:9a:a0:4b:b9:d8,1.649257461927E9,1.649257521932E9,38588,113369946
d4:9a:a0:86:5b:38,1.6492574619E9,1.649257526734E9,12554515,112899649
ec:8a:4c:fb:52:6f,1.649257462072E9,1.64925752275E9,23317,112888192
a4:f4:c2:c2:16:06,1.649257462612E9,1.649257525609E9,746,112873969
d4:9a:a0:49:21:80,1.649257463698E9,1.649257523698E9,43957512,112501892
d4:9a:a0:14:dd:9f,1.649257475122E9,1.649257535146E9,78,111800631
ac:64:62:e8:ab:c9,1.649257462901E9,1.649257523383E9,3139,111445969
98:f4:28:e1:e2:a3,1.649257464336E9,1.649257524761E9,2503,110681644
a0:65:18:5f:b5:06,1.649257464542E9,1.649257524688E9,524,108665953
c4:a3:66:e5:fd:ea,1.649257461927E9,1.649257524499E9,17710456,108461778
98:f4:28:ea:a1:74,1.649257465067E9,1.649257526506E9,6117350,108409790
98:13:33:f7:d3:ac,1.64928830893E9,1.649288369048E9,0,108234548
a0:65:18:53:6a:84,1.649257462469E9,1.649257523009E9,39052152,108125313
a0:65:18:44:2f:5c,1.649257461741E9,1.649257524408E9,73721,107877478
a0:65:18:57:d3:c8,1.649257461647E9,1.649257522758E9,9864664,107703085
d4:9a:a0:81:fb:4f,1.649257461678E9,1.649257522171E9,10118083,107665121
34:4d:ea:d7:fd:90,1.64925746404E9,1.649257526823E9,1087,103824294
d4:9a:a0:6c:72:21,1.649257461667E9,1.649257521735E9,87595108,103738409
a4:f4:c2:b5:a0:10,1.649257461655E9,1.649257522411E9,9906026,103615950
a4:f4:c2:93:cf:68,1.649257473445E9,1.649257533855E9,0,103050208
a4:f4:c2:19:db:b6,1.649257464317E9,1.649257525865E9,2858,101632201
98:f4:28:db:90:5a,1.649257467805E9,1.649257532029E9,78,101402730
98:f4:28:e9:e5:e0,1.649257463169E9,1.64925752466E9,393113,101018727
a0:65:18:54:50:97,1.649257463247E9,1.649257523304E9,15958193,100129664
d4:9a:a0:c7:81:99,1.649257462346E9,1.649257523592E9,81118373,98075989
a0:65:18:57:d4:d9,1.649257461645E9,1.649257521974E9,15440066,97805340
d4:9a:a0:f7:f8:a1,1.649257461652E9,1.649257522087E9,39145302,97562349
c4:70:ab:72:9a:85,1.649257479462E9,1.649257539512E9,756,97346349
a0:65:18:4c:6a:9a,1.649257461645E9,1.649257521647E9,22632145,97263685
cc:71:90:1d:18:a1,1.649257461645E9,1.649257521648E9,57265229,95798934
98:f4:28:eb:aa:33,1.649257461807E9,1.649257522774E9,4724,93604917
a4:f4:c2:9f:a2:13,1.649257466717E9,1.649257530887E9,0,92324977
24:43:e2:6b:c5:b1,1.649257469121E9,1.649257529123E9,3306,92319678
d4:9a:a0:39:c9:87,1.649257466076E9,1.649257526204E9,458,92017807
a4:f4:c2:dd:ea:9d,1.649257469837E9,1.64925753606E9,0,91972692
a0:65:18:2e:ff:c3,1.649257465782E9,1.649257526614E9,78,91176745
a4:f4:c2:1b:24:0c,1.649257463134E9,1.649257523953E9,18295727,91124161
a4:f4:c2:1b:18:f9,1.649257463567E9,1.649257524998E9,50575,91083133
a4:f4:c2:d0:6d:e9,1.649257465504E9,1.649257528258E9,59154,91044867
a4:f4:c2:19:f0:62,1.649257466866E9,1.649257527984E9,3236865,90696938
24:43:e2:60:fd:69,1.649257462832E9,1.649257524216E9,14744531,90605095
d4:9a:a0:f2:bd:c1,1.649257462694E9,1.64925752433E9,570,89455459
a4:f4:c2:ae:37:77,1.649257462047E9,1.649257523693E9,78,88796908
a4:f4:c2:dd:f3:b8,1.649257461997E9,1.649257521999E9,6825,88065272
98:f4:28:e2:9c:0c,1.649257462563E9,1.649257522648E9,156,87823302
a0:65:18:c6:1f:f2,1.649257461963E9,1.649257521981E9,872,86634377
a0:65:18:47:1e:a0,1.649257461645E9,1.64925752208E9,38798599,86550815
d4:9a:a0:64:f7:88,1.649257461687E9,1.649257521693E9,11948071,85672149
cc:71:90:0b:99:91,1.649257461742E9,1.649257541745E9,438,85487261
a0:65:18:5b:7c:02,1.649257471051E9,1.649257534818E9,695,85459387
a0:65:18:3e:c7:39,1.649257462167E9,1.649257523047E9,38744925,85393876
d4:9a:a0:88:47:37,1.649257463242E9,1.649257525804E9,0,85142545
94:a7:b7:d2:54:c0,1.649257467894E9,1.649257528601E9,0,84217399
94:a7:b7:d2:ed:2c,1.649257464677E9,1.649257524999E9,32975962,83875317
a4:f4:c2:c2:1f:70,1.649257461665E9,1.649257524768E9,470,83745534
a0:65:18:59:cb:b0,1.649257461657E9,1.649257521664E9,6715054,82247033
a4:f4:c2:a9:99:cb,1.649257462059E9,1.649257522059E9,11596968,80523890
a0:65:18:b6:5c:05,1.649257462745E9,1.649257523287E9,39291,80233063
18:44:e6:bc:79:89,1.649289873183E9,1.649289934127E9,209,80219266
98:f4:28:eb:07:27,1.649257462249E9,1.649257522336E9,2281,79561472
a0:65:18:91:9b:39,1.649257463457E9,1.649257530013E9,950,79174368
98:f4:28:e1:ab:5d,1.649257463728E9,1.649257523839E9,0,78982040
a0:65:18:c5:f8:6e,1.649257461654E9,1.649257521654E9,1386469,78941941
d4:9a:a0:c3:47:e9,1.649257465553E9,1.649257528944E9,360,78799177
d4:9a:a0:e4:80:51,1.649257461732E9,1.649257521899E9,2768637,77163430
18:44:e6:bc:8e:f1,1.649257463801E9,1.649257531746E9,0,77104976
a4:f4:c2:a4:29:08,1.649257470728E9,1.649257532041E9,18074,76048621
98:f4:28:da:b1:67,1.649257461787E9,1.649257521933E9,28814,74297026
a0:65:18:7d:8d:34,1.649257496799E9,1.64925761501E9,97821,74252672
a4:f4:c2:1a:0e:0b,1.649257461999E9,1.649257522684E9,11312,73971072
a0:65:18:44:43:21,1.649257463636E9,1.649257524287E9,188,73450962
ac:64:62:d1:29:4f,1.64925746909E9,1.64925752945E9,802,72512877
18:44:e6:a3:ba:f3,1.649257461747E9,1.649257521782E9,794,72467815
c4:a3:66:e6:87:36,1.649257463346E9,1.649257524114E9,0,72118371
cc:71:90:33:b9:31,1.649257461806E9,1.649257522312E9,1980105,71682125
18:44:e6:bd:83:c9,1.649257463282E9,1.649257523385E9,38129341,70609968
34:4d:ea:d7:d7:4a,1.64925746173E9,1.649257521837E9,19336461,70541291
c4:a3:66:e6:31:74,1.649257461903E9,1.64925752192E9,15278,70238049
d4:9a:a0:64:5a:58,1.649257468877E9,1.649257530213E9,376,69977707
a0:65:18:a3:9a:61,1.649257462209E9,1.649257523683E9,0,69927833
d4:9a:a0:48:e9:18,1.649257465775E9,1.649257526362E9,0,69361304
d4:9a:a0:87:a4:a0,1.649257462214E9,1.649257522874E9,25238015,69058741
a4:f4:c2:1a:bd:d5,1.649257461947E9,1.649257524665E9,2846,68892355
d4:9a:a0:cb:a1:72,1.649291062877E9,1.649291122887E9,5044029,68654259
44:f4:36:eb:4c:3c,1.649257466196E9,1.649257528507E9,761,66526395
a0:65:18:42:f0:bd,1.649257471009E9,1.649257539763E9,156,66368105
98:f4:28:e3:45:53,1.649257484777E9,1.649257545907E9,0,66302299
d4:9a:a0:b7:27:d9,1.649257464051E9,1.649257524074E9,360,65449045
a0:65:18:ad:92:92,1.649257463023E9,1.649257533622E9,602,65029153
a0:65:18:59:1e:e8,1.649257461646E9,1.649257523489E9,37002715,64671026
d4:9a:a0:80:d4:77,1.649257462173E9,1.64925752317E9,16942765,64179476
d4:9a:a0:ed:d2:c9,1.649257461687E9,1.649257521688E9,44445130,64155120
98:f4:28:eb:83:e1,1.649257461669E9,1.649257521698E9,56022642,63435285
98:f4:28:da:d1:c4,1.649257472331E9,1.64925753806E9,0,63259333
a4:f4:c2:a0:04:50,1.649257463022E9,1.649257523085E9,19244372,62391581
a4:f4:c2:1a:19:f6,1.649257462709E9,1.649257524021E9,81656,61914330
34:4d:ea:d7:f5:68,1.649257463362E9,1.649257524136E9,21585054,61809819
a0:65:18:3b:68:41,1.649257481372E9,1.649257550935E9,0,61037741
a0:65:18:8c:da:ad,1.649257461667E9,1.649257521785E9,29596634,60344980
ac:64:62:d1:1d:60,1.649257462143E9,1.64925752248E9,212982978,60110110
a4:f4:c2:1a:16:45,1.649257462823E9,1.649257525463E9,1171,60096112
a0:65:18:4f:43:2b,1.649257492586E9,1.649257725449E9,0,59404728
8c:e1:17:a0:3f:52,1.649257463341E9,1.649257527732E9,7195344,58753611
18:44:e6:a3:f0:cc,1.649257468629E9,1.649257541613E9,856,57711749
a0:65:18:5c:ca:58,1.649257462361E9,1.649257522373E9,13028914,56288047
ac:64:62:e9:4b:65,1.649257463556E9,1.649257524478E9,7884,56105696
cc:71:90:57:92:d9,1.649257461648E9,1.64925752197E9,86226557,55810725
c4:a3:66:eb:a1:0c,1.649258529434E9,1.649258589497E9,0,55483772
a0:65:18:14:72:63,1.649257461645E9,1.649257522717E9,39450985,55172612
a4:f4:c2:c3:11:e0,1.649257462027E9,1.649257524624E9,9595779,54701647
5c:c7:d7:1f:39:a6,1.649257464292E9,1.649257524294E9,6434369,54487252
d4:9a:a0:f2:b4:41,1.649257461758E9,1.649257522558E9,9547,53481900
98:13:33:f7:2e:7c,1.64925746181E9,1.649257522343E9,537328,52645593
a0:65:18:41:bc:62,1.649257462668E9,1.649257523454E9,14589420,52624898
a0:65:18:54:4d:ca,1.649257461658E9,1.649257526818E9,1979,52563859
a0:65:18:9f:aa:9a,1.649257464078E9,1.649257546092E9,0,52554011
d4:9a:a0:b2:ef:11,1.64925746173E9,1.649257544852E9,606,52370090
d4:9a:a0:96:78:01,1.649257462595E9,1.649257522958E9,438,52206881
a0:65:18:3c:a0:68,1.649257465028E9,1.649257527833E9,43193989,52149962
a0:65:18:ca:08:06,1.649257462266E9,1.649257525116E9,57566965,50816587
c4:a3:66:e6:5d:ea,1.649257463986E9,1.649257527398E9,4779,50782043
d4:9a:a0:f2:86:69,1.649257473614E9,1.649257541971E9,360,50626424
a4:f4:c2:c6:e9:34,1.649257461685E9,1.649257558263E9,0,50304314
a0:65:18:39:5c:8b,1.64925746245E9,1.649257522502E9,57308183,50025726
a0:65:18:d0:2e:b8,1.649257461712E9,1.649257521808E9,156,49717032
cc:71:90:38:89:41,1.649257461761E9,1.649257523081E9,360,49546874
a4:f4:c2:1a:0e:d7,1.64925746255E9,1.649257522623E9,7835,49399864
cc:71:90:11:21:21,1.649257461654E9,1.649257521662E9,8049,49262035
a0:65:18:c4:3f:b6,1.649257478795E9,1.649257540767E9,3033,49120825
a4:f4:c2:c2:bd:80,1.649257465931E9,1.649257538195E9,0,48926279
a0:65:18:3b:94:8d,1.649257462073E9,1.649257522317E9,801,48890145
cc:71:90:38:89:c9,1.649257461686E9,1.649257521698E9,27145577,48140861
d4:9a:a0:49:42:00,1.649257461708E9,1.649257522135E9,5191290,47565128
a4:f4:c2:19:c4:46,1.649257465561E9,1.649257526768E9,3699,47486159
a0:65:18:74:05:86,1.6492900882E9,1.649290149117E9,90356,47115981
a4:f4:c2:d0:f2:52,1.649257463627E9,1.649257524563E9,156,47030238
a4:f4:c2:f3:5f:7f,1.649257462661E9,1.64925752282E9,20830,46560097
a4:f4:c2:a0:3e:31,1.649257463172E9,1.649257523406E9,0,46291099
a0:65:18:75:a5:12,1.649259287543E9,1.649259752342E9,0,45251575
d4:9a:a0:e6:58:d1,1.649257461901E9,1.649257522836E9,8429,45047393
a0:65:18:cd:5f:9c,1.649257466736E9,1.649257526757E9,182249,45023232
ac:64:62:d1:2e:22,1.649257461758E9,1.649257521774E9,5120,44914489
d4:9a:a0:42:63:27,1.649257462091E9,1.649257524554E9,28618709,44489881
a0:65:18:3a:b6:69,1.64925746875E9,1.649257528903E9,0,43839167
a0:65:18:39:52:09,1.649257463923E9,1.64925754921E9,0,43739939
d4:9a:a0:14:53:9f,1.649257461763E9,1.649257522466E9,9823584,43604852
98:f4:28:e2:48:6f,1.649257463901E9,1.64925752925E9,344,42498979
a4:f4:c2:0a:29:ec,1.649257482332E9,1.649257546437E9,0,42475088
a0:65:18:3b:89:4d,1.649257462662E9,1.649257522866E9,118054,42192339
d4:9a:a0:9b:f7:29,1.649257464768E9,1.649257524901E9,26748,42073793
a0:65:18:75:23:86,1.64925746194E9,1.64925753006E9,709,41923477
a0:65:18:86:a9:d8,1.649257461759E9,1.649257521951E9,156,41870198
98:f4:28:da:5b:4a,1.649257462901E9,1.649257525241E9,0,41265576
d4:9a:a0:4b:b7:40,1.649257473184E9,1.649257533789E9,5067,41204498
a0:65:18:9b:c3:c4,1.649257476281E9,1.649257536328E9,0,40921082
a0:65:18:86:e4:a4,1.649257470348E9,1.649257531382E9,152,40467244
a4:f4:c2:a0:0b:79,1.649257462404E9,1.649257527158E9,4202,39609710
34:4d:ea:d8:55:38,1.649257464648E9,1.649257525324E9,19449,39327478
c4:a3:66:eb:9a:b8,1.649257461973E9,1.649257522716E9,15084,38750073
ac:64:62:d1:32:87,1.649257478965E9,1.649257678966E9,0,38368785
c4:a3:66:eb:cc:38,1.649257470757E9,1.649257542581E9,0,38282847
24:43:e2:59:45:e1,1.649257463746E9,1.649257532686E9,0,37765374
24:43:e2:6b:5a:91,1.649257462192E9,1.649257522885E9,24472586,37758443
d4:9a:a0:d5:e5:11,1.649257461653E9,1.649257521656E9,8883922,37368577
d4:9a:a0:b7:34:c1,1.64925746353E9,1.649257524306E9,516,37228774
a0:65:18:98:ec:3e,1.649257461898E9,1.649257521921E9,40577731,37185064
44:f4:36:e7:09:73,1.649257461896E9,1.649257523339E9,38737994,36701968
d4:9a:a0:ed:db:49,1.649257463173E9,1.649257523192E9,516,36688143
98:f4:28:db:75:bb,1.649257462302E9,1.649257522364E9,2925515,36580476
a0:65:18:7e:90:84,1.649257461649E9,1.649257521656E9,127359790,36554397
98:f4:28:db:86:91,1.649257464407E9,1.64925752512E9,43026572,36521092
a0:65:18:66:f0:0c,1.649257469603E9,1.649257533711E9,16297,36489928
a4:f4:c2:1a:13:c6,1.649257469926E9,1.64925753548E9,0,36064193
d4:9a:a0:e2:c2:31,1.64925746283E9,1.649257523656E9,7274134,35953441
a0:65:18:38:17:05,1.649257462757E9,1.649257522846E9,30233875,35429134
ac:64:62:e9:8a:e4,1.64925746404E9,1.649257524126E9,38519771,34998937
ac:64:62:e9:78:7e,1.649257462162E9,1.649257530244E9,1021,34834061
34:4d:ea:d8:ea:ae,1.649257470904E9,1.64925753122E9,78,34376465
98:f4:28:e3:3c:02,1.649257481133E9,1.64925754303E9,0,33675184
d4:9a:a0:cb:9a:d9,1.649257470934E9,1.649257531212E9,360,33081126
18:44:e6:a3:b0:f8,1.649257462281E9,1.649257522894E9,13244392,33024799
d4:9a:a0:6d:0b:49,1.649294460423E9,1.649294520425E9,2627991,32922983
94:a7:b7:d3:47:68,1.649257463154E9,1.649257527055E9,2340,32262665
d4:9a:a0:2f:9a:97,1.649257461645E9,1.649257522117E9,36439829,31648610
a0:65:18:39:d1:cd,1.649257461647E9,1.649257521683E9,2110451,31009405
18:44:e6:a3:d4:11,1.649257462663E9,1.649257524399E9,271,30804053
a0:65:18:4a:8e:93,1.649257461646E9,1.64925752165E9,392,30183165
d4:9a:a0:d9:24:41,1.649257461663E9,1.649257521866E9,46186980,29959096
d4:9a:a0:c7:c0:59,1.649257463122E9,1.649257523125E9,4557412,29951899
a0:65:18:57:d7:ee,1.649257465254E9,1.649257548517E9,0,29735081
a4:f4:c2:c2:99:ef,1.649257464935E9,1.649257527484E9,0,29598577
a0:65:18:75:00:04,1.649257467248E9,1.649257531697E9,2041,29525454
a4:f4:c2:c1:1c:25,1.649257464046E9,1.649257524229E9,46636411,29371603
cc:71:90:1b:47:11,1.649257461645E9,1.649257521645E9,9675250,28462991
c4:a3:66:e8:18:2e,1.649257461704E9,1.649257525203E9,1004,28084506
a0:65:18:38:bd:5e,1.649257464684E9,1.649257528166E9,1309,27856167
a4:f4:c2:be:43:4c,1.649257469715E9,1.649257529844E9,840,27676517
18:44:e6:bc:73:0d,1.649257461717E9,1.649257522138E9,88547937,26926351
d4:9a:a0:03:19:af,1.649257462995E9,1.649257523544E9,3244,26788170
18:44:e6:a3:c6:a6,1.64925746335E9,1.649257532312E9,865,26648382
a4:f4:c2:9f:a8:10,1.649257462961E9,1.649257526949E9,2220,26509623
a0:65:18:ab:c9:b4,1.649257464336E9,1.649257527123E9,0,26496606
a0:65:18:86:a7:08,1.649257468236E9,1.649257529067E9,0,25525758
98:f4:28:eb:2c:d4,1.649257462695E9,1.649257523283E9,101164,25504450
a0:65:18:72:d9:bc,1.649257462268E9,1.649257525758E9,1035,25230137
a4:f4:c2:d3:48:a9,1.649257466111E9,1.649257527714E9,13443,25154295
a0:65:18:ca:f6:9b,1.649257467366E9,1.649257545097E9,0,24860815
d4:9a:a0:49:61:28,1.649257468777E9,1.649257529675E9,0,24627929
a4:f4:c2:9c:1a:e9,1.649257468247E9,1.649257542397E9,360,24592511
ec:8a:4c:fb:5d:90,1.649257462797E9,1.649257523414E9,156,24553612
a0:65:18:34:c8:84,1.649257461687E9,1.649257521688E9,25820428,24541614
ac:64:62:e9:93:b8,1.649257463219E9,1.649257526299E9,428,24188448
a0:65:18:39:c7:98,1.649257461714E9,1.64925752289E9,18741,23737816
98:13:33:f7:ca:ca,1.649257465084E9,1.649257527334E9,4158,23521066
a4:f4:c2:1a:03:67,1.649257465944E9,1.649257528396E9,1281,23422909
a0:65:18:75:11:ca,1.649257463625E9,1.649257524557E9,29263671,22513963
a4:f4:c2:dd:b2:e7,1.649257465246E9,1.649257525536E9,5613,22404617
a0:65:18:8c:e1:e8,1.649257463605E9,1.649257524834E9,266,22256788
a0:65:18:ad:c8:86,1.649257463305E9,1.649257524624E9,156,21800461
98:f4:28:db:cd:22,1.649257463623E9,1.649257527799E9,1130553,21687031
a4:f4:c2:05:96:2d,1.649257469252E9,1.649257529254E9,70,21540720
a0:65:18:4a:8c:56,1.649257483328E9,1.649257544098E9,72828,21443568
c4:a3:66:e6:2e:ce,1.649257508075E9,1.649257568122E9,308748,21426196
a0:65:18:54:a7:ac,1.649257467193E9,1.649257536665E9,112,21422712
a0:65:18:c8:19:c0,1.649257467647E9,1.649257530337E9,156,21367585
a4:f4:c2:9c:76:49,1.649257462888E9,1.649257523055E9,1056,21119543
a4:f4:c2:c2:85:e8,1.649257461676E9,1.649257521679E9,6974870,21097887
a4:f4:c2:d0:9b:a3,1.649257473951E9,1.649257543587E9,78,21049607
44:f4:36:e8:b2:46,1.649257462254E9,1.64925752305E9,10334,20625791
a4:f4:c2:a3:32:cf,1.649257462647E9,1.649257531011E9,1746,20567880
a0:65:18:74:6a:c9,1.649257461723E9,1.649257522738E9,17071,20395180
a0:65:18:74:5f:18,1.649257463585E9,1.649257525511E9,41908340,20284282
d4:9a:a0:f1:45:69,1.649257463568E9,1.649257525692E9,360,20229017
d4:9a:a0:14:4a:b7,1.649257462244E9,1.64925752225E9,90630156,20032033
a0:65:18:0f:01:fd,1.649257481369E9,1.649257545686E9,0,19542051
98:f4:28:e1:85:10,1.649257462554E9,1.649257528333E9,0,19411940
a0:65:18:75:23:1a,1.649257461657E9,1.649257525401E9,0,19319371
98:f4:28:eb:a6:14,1.64925746662E9,1.649257532461E9,0,19304361
a0:65:18:31:ae:7e,1.649257465188E9,1.649257535151E9,312,18706401
98:f4:28:eb:4d:36,1.649257462403E9,1.649257522615E9,73222553,18557557
a4:f4:c2:9f:9a:12,1.649257485311E9,1.649257549313E9,2644,18459418
c4:a3:66:e8:1e:a6,1.649257462708E9,1.649257524889E9,4421375,18373029
a0:65:18:6d:3c:68,1.649257462324E9,1.649257527553E9,0,18200731
a4:f4:c2:c3:02:74,1.649257466988E9,1.649257536577E9,1143,17970731
c4:a3:66:e8:32:3e,1.649257462577E9,1.649257522581E9,0,17880349
44:f4:36:e7:75:a7,1.649257464405E9,1.649257524497E9,38308003,17701917
98:f4:28:e2:ff:67,1.649257464211E9,1.649257524238E9,9268,17484246
a0:65:18:2f:6e:29,1.649257476514E9,1.649257540442E9,0,17343440
d4:9a:a0:f7:ff:89,1.64925746178E9,1.649257524691E9,676,16980466
a0:65:18:4c:1b:1a,1.649257462532E9,1.649257523163E9,38874298,16650465
98:f4:28:e1:a0:b3,1.649257467379E9,1.649257532903E9,77,16450271
d4:9a:a0:2c:7e:07,1.649257463581E9,1.649257523581E9,14131673,16266538
a0:65:18:4a:bb:e7,1.649257472605E9,1.649257542489E9,0,16082037
ac:64:62:e9:4e:35,1.649257461708E9,1.649257521712E9,39786,15985500
a4:f4:c2:94:24:3d,1.649257462221E9,1.649257522267E9,12088,15718991
ac:64:62:e9:ab:0f,1.649257462028E9,1.649257522191E9,0,15655153
d4:9a:a0:f2:92:a9,1.649257465302E9,1.649257526676E9,360,15553243
ac:64:62:e9:53:49,1.649257466077E9,1.649257526078E9,0,15359851
cc:71:90:43:b6:61,1.64925746338E9,1.649257524802E9,360,14810955
ac:64:62:e9:a0:b0,1.649257465283E9,1.649257525415E9,773,14751892
a0:65:18:38:1f:24,1.649257465756E9,1.649257545855E9,0,14663931
a0:65:18:68:01:45,1.649257469879E9,1.649257529901E9,0,14358525
a4:f4:c2:f3:9c:67,1.649257472284E9,1.649257547745E9,22017,14329273
a4:f4:c2:9f:9c:00,1.649257464066E9,1.649257524193E9,38980755,14314604
98:f4:28:e5:b1:8c,1.649257469681E9,1.649257529784E9,563,14175232
18:44:e6:bc:79:07,1.649257468035E9,1.649257533469E9,0,14151734
d4:9a:a0:b7:46:31,1.649257463155E9,1.649257523205E9,3750,14072660
a0:65:18:74:fc:23,1.649257461645E9,1.649257521645E9,27062945,13923943
a0:65:18:75:b8:a4,1.649257464185E9,1.64925752474E9,38451498,13871838
cc:71:90:0b:fe:39,1.649257462811E9,1.649257523086E9,360,13848770
c4:a3:66:e6:25:98,1.64925746232E9,1.649257522437E9,11289881,13846126
94:a7:b7:d2:f9:07,1.649257468045E9,1.649257528045E9,17283967,13752462
a0:65:18:7a:11:6b,1.64925746756E9,1.649257529639E9,406,13592248
34:4d:ea:d8:f3:36,1.649257461654E9,1.649257521676E9,117611,13507801
a0:65:18:98:91:f0,1.649257467863E9,1.649257530351E9,1390,13192468
d4:9a:a0:d0:b7:31,1.649257464616E9,1.649257526421E9,504,13154355
a0:65:18:a6:0f:5c,1.649257470825E9,1.649257530832E9,1865083,13147509
a4:f4:c2:9f:ed:ac,1.649292072727E9,1.649292165635E9,88599,13021567
c4:a3:66:eb:9f:a4,1.64925746348E9,1.649257549445E9,0,12835323
a0:65:18:76:a4:b7,1.64925746174E9,1.649257521747E9,24114,12630223
cc:71:90:0e:d0:f1,1.649257461876E9,1.649257523039E9,41690026,12547776
d4:9a:a0:e6:57:21,1.649257463223E9,1.649257525647E9,865,12513350
a4:f4:c2:c2:1d:54,1.649257465048E9,1.649257534297E9,0,12248093
a0:65:18:3b:9b:e0,1.649257462405E9,1.649257523938E9,38105771,12092100
98:f4:28:ec:ff:91,1.649257469829E9,1.649257541831E9,655,12069397
d4:9a:a0:5f:92:cf,1.649257464164E9,1.649257527115E9,975,11792582
a0:65:18:a3:b8:07,1.649257463312E9,1.649257525747E9,16680744,11440553
a0:65:18:42:ca:c2,1.649257463787E9,1.649257534146E9,19349,11077121
70:9f:2d:d4:3b:18,1.649257462906E9,1.649257534898E9,856,11026635
ac:64:62:d4:92:8d,1.649257463026E9,1.649257528045E9,9051,10889367
98:f4:28:e2:4e:14,1.649257465268E9,1.649257525384E9,4530719,10826334
ec:8a:4c:ec:bd:f2,1.649281942812E9,1.649282004842E9,707,10617199
c4:a3:66:e8:03:6a,1.649257462211E9,1.649257525194E9,798,10601663
c4:a3:66:e8:a1:44,1.649257461653E9,1.649257521653E9,16495980,10105919
18:44:e6:bc:c6:0f,1.649257468111E9,1.649257528151E9,2635,9844476
a4:f4:c2:f3:5c:0f,1.649257461648E9,1.649257521648E9,1497434,9697986
d4:9a:a0:fb:4e:a9,1.649257462895E9,1.649257523611E9,2401673,9693005
18:44:e6:bd:4e:6d,1.649257464186E9,1.649257547934E9,0,9587018
a0:65:18:41:d2:13,1.649257465313E9,1.649257525945E9,244277,9554175
ac:64:62:e9:45:34,1.649257465401E9,1.649257525473E9,13510746,9507295
cc:71:90:18:67:81,1.649257464423E9,1.649257525595E9,1269,9460492
98:f4:28:e1:ad:47,1.649257465837E9,1.649257525976E9,152,9419859
c4:a3:66:ec:07:ea,1.649294376927E9,1.649294438994E9,7915,9386708
a0:65:18:75:a4:df,1.64925746283E9,1.64925752299E9,828102,9231471
d4:9a:a0:5f:43:67,1.649257462381E9,1.649257523408E9,16681,9151177
a0:65:18:4b:6b:e2,1.649257465887E9,1.649257527191E9,0,9129201
a0:65:18:c7:70:5b,1.649257473202E9,1.649257533329E9,234,8909505
a4:f4:c2:1f:fa:0c,1.649257461677E9,1.649257521857E9,165912,8734990
d4:9a:a0:ea:be:99,1.649257462034E9,1.649257523221E9,39657051,8698297
d4:9a:a0:64:e7:b0,1.64925747094E9,1.649257542499E9,156,8463739
98:f4:28:ea:eb:cf,1.649257461685E9,1.649257526168E9,230,8446304
a0:65:18:31:a2:5a,1.649257461664E9,1.649257521665E9,282825,8371549
d4:9a:a0:f5:bc:e1,1.649257463393E9,1.649257525853E9,37968055,8314731
c4:a3:66:e8:62:aa,1.64925746301E9,1.649257535272E9,336,8280661
a0:65:18:51:d8:1b,1.649287958934E9,1.649288064336E9,1816,8192903
24:43:e2:60:5f:e9,1.649257462246E9,1.649257522975E9,0,8185872
18:44:e6:bc:ec:a2,1.649257463164E9,1.649257524633E9,20816,8177989
a0:65:18:4c:77:cf,1.649257466559E9,1.649257537289E9,0,8084965
a0:65:18:75:3a:17,1.649257461645E9,1.649257525567E9,42132082,7864613
a0:65:18:75:25:57,1.649257464282E9,1.649257525185E9,9396031,7709917
98:f4:28:e3:39:6e,1.649257461805E9,1.64925752317E9,0,7647631
a4:f4:c2:dd:f1:24,1.649257466179E9,1.649257532767E9,156,7395017
a0:65:18:c4:3f:a1,1.649294436991E9,1.649294498247E9,3187,7361694
a0:65:18:98:95:c2,1.649257463586E9,1.649257525798E9,0,7083064
a0:65:18:98:98:20,1.649257461731E9,1.649257523271E9,43628331,7026765
a4:f4:c2:1a:18:7f,1.649257845714E9,1.649257907452E9,0,6948983
a0:65:18:ab:cb:25,1.649257471821E9,1.649257544039E9,0,6944268
a0:65:18:61:61:97,1.649257468667E9,1.649257533507E9,0,6752786
a0:65:18:c7:6f:4a,1.649289448637E9,1.649289513704E9,213412,6742514
24:43:e2:56:df:89,1.649257467621E9,1.649257530662E9,0,6543053
a4:f4:c2:dd:fc:d9,1.649294289486E9,1.649294349744E9,235298,6452532
a0:65:18:59:d5:cd,1.649257462421E9,1.649257522424E9,10968715,6414598
18:44:e6:bc:e4:f0,1.649257480573E9,1.649257549115E9,78,6349592
98:f4:28:ed:70:57,1.649257462433E9,1.64925752306E9,819,6019735
a0:65:18:ad:de:01,1.649257461838E9,1.649257539112E9,4998,6018674
a4:f4:c2:10:57:b5,1.649257466741E9,1.649257526835E9,5855,5942447
a0:65:18:34:d3:08,1.649257474392E9,1.649257535511E9,0,5917506
70:9f:2d:d3:66:ac,1.649257463269E9,1.649257523729E9,0,5863605
a0:65:18:9c:53:28,1.649257467395E9,1.649257527533E9,0,5833852
a0:65:18:74:05:d1,1.649257462729E9,1.649257526633E9,0,5673803
a0:65:18:d0:59:24,1.649257465338E9,1.649257528335E9,746,5625620
18:44:e6:bc:8e:3d,1.64925746285E9,1.649257526682E9,642,5550154
a0:65:18:72:bf:ca,1.649257464368E9,1.649257526035E9,234,5438456
d4:9a:a0:cb:92:89,1.649257462781E9,1.649257524756E9,6877,5433480
cc:71:90:17:f0:99,1.649257466942E9,1.649257545971E9,360,5330274
a0:65:18:6c:66:8d,1.649257482516E9,1.649257547957E9,85,5306960
a0:65:18:8c:d9:a2,1.649257465671E9,1.649257525698E9,0,5306370
a4:f4:c2:d3:44:11,1.649257462275E9,1.649257523632E9,38968490,5263085
cc:71:90:17:51:11,1.649257461645E9,1.649257525113E9,36013437,5256292
c4:a3:66:e6:6d:3e,1.649257463268E9,1.649257525355E9,6680380,5240075
24:43:e2:6b:4f:41,1.649257464054E9,1.649257524631E9,274,5224753
c4:a3:66:eb:45:56,1.649257476636E9,1.649257541053E9,152,5207625
70:9f:2d:d3:e0:6e,1.649257462516E9,1.649257524493E9,16080,5108766
a0:65:18:41:c4:ed,1.649257461736E9,1.649257522532E9,0,5071419
98:f4:28:e1:aa:40,1.649257461648E9,1.649257521658E9,7901331,5023766
2c:c8:1b:ed:2c:40,1.649257463425E9,1.649257525737E9,1420,5017138
d4:9a:a0:3c:68:6f,1.649257461652E9,1.64925752168E9,598795,5009310
a4:f4:c2:b5:29:48,1.649257462702E9,1.649257522704E9,38546283,4907767
a0:65:18:51:d9:a7,1.649257462166E9,1.649257522266E9,33207703,4707529
d4:9a:a0:d0:8a:31,1.649257461919E9,1.649257522881E9,2519,4684057
94:a7:b7:d3:48:26,1.649257465321E9,1.64925752533E9,848,4680406
94:a7:b7:d1:f4:ee,1.649257465018E9,1.649257525084E9,38543328,4445372
a4:f4:c2:10:60:28,1.649257462115E9,1.649257522289E9,2164,4314526
94:a7:b7:d2:eb:5b,1.64925746878E9,1.649257529072E9,156,4299227
ac:64:62:d2:96:0e,1.649257463736E9,1.649257530122E9,152,4294952
a0:65:18:0d:e0:a1,1.649257461864E9,1.649257527156E9,45855,4110974
cc:71:90:50:00:39,1.649257468559E9,1.649257530551E9,360,4052751
a4:f4:c2:a2:72:42,1.649257463512E9,1.64925752424E9,234,3854136
a0:65:18:46:87:44,1.649289778643E9,1.649290355478E9,0,3796339
a0:65:18:3c:a5:cf,1.649257466313E9,1.649257526319E9,14215,3758793
a0:65:18:a3:99:d7,1.649257462797E9,1.649257530798E9,0,3545524
d4:9a:a0:b4:7f:a1,1.649257463727E9,1.649257526968E9,438,3354183
a0:65:18:74:bb:a5,1.649257466087E9,1.649257534644E9,78,3301928
98:f4:28:e3:29:ce,1.649257470059E9,1.64925753055E9,0,3273396
18:44:e6:bc:c8:26,1.64925746427E9,1.649257526052E9,5338832,3150825
a4:f4:c2:af:6a:88,1.649257464646E9,1.649257528294E9,152,3092277
98:f4:28:e1:e0:aa,1.649257463154E9,1.649257548083E9,78,3076579
a4:f4:c2:bb:03:ce,1.649257464041E9,1.649257525988E9,148,2929166
98:f4:28:e1:c7:b4,1.649257466088E9,1.649257526112E9,156,2793805
a0:65:18:3b:71:7a,1.649257461961E9,1.649257522812E9,10535018,2777925
a4:f4:c2:c2:20:4b,1.649257472019E9,1.649257549779E9,0,2653549
a0:65:18:79:f7:67,1.649290246878E9,1.649290308826E9,70,2548577
a4:f4:c2:b9:db:d3,1.649257466841E9,1.649257532382E9,0,2461507
a4:f4:c2:e4:5b:af,1.649257464021E9,1.649257546007E9,0,2371171
a4:f4:c2:dd:de:a0,1.649257462746E9,1.649257526191E9,0,2146865
ac:64:62:d1:37:d2,1.649257463874E9,1.649257525016E9,5554,2087411
18:44:e6:a3:c1:0b,1.649257463736E9,1.649257529437E9,484,2052176
a0:65:18:84:0a:02,1.649257464065E9,1.649257534242E9,156,2018398
a0:65:18:41:bf:ce,1.649257473522E9,1.649257544603E9,0,1968350
98:f4:28:e5:6d:3a,1.649257467911E9,1.649257528577E9,188,1910055
ec:8a:4c:fb:45:c6,1.649257462946E9,1.649257523924E9,25952820,1906028
98:13:33:f6:fa:20,1.649257470622E9,1.649257540595E9,156,1750465
a4:f4:c2:b9:9a:6f,1.649257461868E9,1.649257524837E9,902,1624310
a0:65:18:31:a4:e2,1.649257462414E9,1.649257523033E9,38440187,1597888
a0:65:18:66:fc:87,1.649296242574E9,1.649296302575E9,11207074,1511767
a0:65:18:74:d6:13,1.649257466049E9,1.649257530856E9,0,1401715
a4:f4:c2:95:f3:e7,1.649257479853E9,1.649257556752E9,0,1292579
a0:65:18:4e:90:72,1.649257570267E9,1.649257659452E9,2306,1288907
a0:65:18:39:4a:c7,1.649257462057E9,1.649257523234E9,1397,1257109
a0:65:18:ac:af:67,1.649257464087E9,1.649257525192E9,0,1248529
c4:a3:66:e7:f5:4e,1.649257462528E9,1.649257529041E9,0,1135676
d4:9a:a0:55:fb:ef,1.649257473285E9,1.649257538143E9,0,1024000
a0:65:18:2f:60:e2,1.649296652744E9,1.649296712816E9,20857989,997767
d4:9a:a0:01:d0:38,1.649257462971E9,1.64925752712E9,0,845387
a0:65:18:c9:91:62,1.649257473058E9,1.64925755115E9,0,728456
98:f4:28:da:a0:3c,1.649257464713E9,1.64925752784E9,0,705691
d4:9a:a0:01:c4:68,1.649257468111E9,1.649257543106E9,66,658547
d4:9a:a0:14:53:b7,1.649257463202E9,1.64925753564E9,0,646417
a4:f4:c2:ec:46:8f,1.649257465067E9,1.649257525083E9,1518,627029
d4:9a:a0:2c:96:df,1.649257469942E9,1.649257534966E9,0,624228
d4:9a:a0:e6:bd:b9,1.649257464981E9,1.649257536671E9,360,603078
d4:9a:a0:e3:f7:39,1.64925746551E9,1.649257532723E9,360,596493
a4:f4:c2:ae:44:d4,1.649257464564E9,1.649257527389E9,156,596425
d4:9a:a0:93:f2:31,1.649257466032E9,1.649257532409E9,594,596282
a4:f4:c2:ae:f4:c2,1.649257463056E9,1.649257523969E9,38536638,588298
cc:71:90:06:17:b1,1.649257470071E9,1.649257530093E9,438,581354
a0:65:18:77:22:cc,1.649257467418E9,1.649257527582E9,2660,556128
a0:65:18:59:22:ba,1.649257820304E9,1.649258348757E9,0,548382
d4:9a:a0:37:2c:f7,1.649257467964E9,1.649257537621E9,78,546970
a0:65:18:ab:cd:1a,1.64925747671E9,1.649257538374E9,0,532808
d4:9a:a0:f7:a6:39,1.649257470998E9,1.649257535024E9,438,510996
a4:f4:c2:a0:05:9a,1.649257473034E9,1.649257554298E9,0,446296
98:f4:28:e1:ae:23,1.649257467489E9,1.649257530159E9,156,397870
a0:65:18:c7:70:4c,1.649257462925E9,1.649257522966E9,1398,393269
ac:64:62:d3:05:99,1.649257462364E9,1.649257553002E9,0,386419
a4:f4:c2:9d:76:ac,1.649257463583E9,1.64925752369E9,1104,384023
a0:65:18:9f:a5:cc,1.649257463017E9,1.649257528694E9,156,377243
a0:65:18:66:f0:81,1.649257462943E9,1.649257527137E9,1104,373023
5c:c7:d7:1e:ee:4f,1.649257472317E9,1.649257548769E9,0,371494
a4:f4:c2:eb:7d:3f,1.649257468824E9,1.649257532111E9,1104,369289
a4:f4:c2:a4:ca:69,1.649257465743E9,1.649257529929E9,1518,369286
a4:f4:c2:f3:7c:9f,1.649257473532E9,1.64925753631E9,984,360644
d4:9a:a0:4e:04:f7,1.649257469209E9,1.6492575461E9,0,356244
34:4d:ea:d7:da:da,1.649257464463E9,1.649257534463E9,1202,355893
a4:f4:c2:a7:0c:0d,1.649257466362E9,1.649257526412E9,1398,348262
94:a7:b7:d2:c9:37,1.649257461995E9,1.649257539635E9,78,348160
94:a7:b7:d2:d5:9e,1.649257462569E9,1.649257528687E9,0,345620
a4:f4:c2:f2:e7:07,1.649257463006E9,1.649257527949E9,828,330355
d4:9a:a0:79:24:c7,1.649257470817E9,1.649257534157E9,696,327540
24:43:e2:6b:c7:d1,1.649257463169E9,1.649257526101E9,0,326588
a0:65:18:39:cb:88,1.649257465366E9,1.649257541489E9,1182,325496
a4:f4:c2:95:31:89,1.649257487135E9,1.649257549523E9,78,323372
a0:65:18:3c:04:f5,1.649259770541E9,1.649259832424E9,17539014,317232
74:4d:28:a7:30:1f,1.649257485963E9,1.649257551184E9,0,287095
a4:f4:c2:e4:13:27,1.649257463682E9,1.64925752773E9,0,284424
a0:65:18:41:57:76,1.649297595617E9,1.649297656126E9,31232,260186
a4:f4:c2:a7:31:7e,1.64925748048E9,1.649257549867E9,1242,258873
a4:f4:c2:a7:54:91,1.649257464302E9,1.649257533873E9,1104,243278
a4:f4:c2:19:db:77,1.649296734034E9,1.649296799719E9,159,196642
