d4:9a:a0:d0:eb:c9,83.055162414,2.317240872
a0:65:18:ad:e8:ea,14.740379259,5.088605135
ac:64:62:e8:9c:01,12.748341747,2.841658037
98:f4:28:eb:a7:68,10.615563251,1.501470705
a4:f4:c2:dd:94:00,9.816605144,10.8649933
94:a7:b7:d2:d3:82,9.794731275,3.662819898
d4:9a:a0:4b:b3:d0,8.200384242,2.132804412
74:4d:28:57:14:32,7.868922413,3.439347843
a0:65:18:4c:b1:bf,7.354838554,5.041493398
d4:9a:a0:52:82:d9,7.064271944,5.20704925
d4:9a:a0:b2:30:a2,6.745505559,6.623486237
d4:9a:a0:93:c6:59,6.322436211,14.044558669
a0:65:18:66:ec:92,5.937885354,4.014106329
a4:f4:c2:c2:a6:55,5.929711936,2.610592592
18:44:e6:bc:dc:5d,5.892726955,0.765254344
18:e8:29:2f:51:a2,5.772445788,12.799944001
ac:64:62:d1:33:b3,5.073951121,5.998134456
a4:f4:c2:93:51:9e,4.967201807,0.105610695
a4:f4:c2:d3:3c:89,4.678589163,0.327380871
cc:71:90:39:48:11,4.433708362,0.678973585
ac:64:62:d1:30:b6,4.386370656,10.722859738
14:49:bc:1b:b0:41,4.296845503,8.140096391
44:f4:36:eb:90:61,4.289368124,2.733752177
a4:f4:c2:dd:3a:09,4.263692325,1.430186227
a0:65:18:9b:9c:85,4.113743199,21.682600566
a0:65:18:0e:fd:74,4.103421453,1.249489819
ac:64:62:e9:4a:ca,3.952739862,7.962623003
d4:9a:a0:49:42:e8,3.607977331,10.728334569
98:f4:28:e5:e5:0d,3.558490434,6.385694451
34:4d:ea:d8:e8:86,3.540204837,8.816592825
a0:65:18:2f:29:2c,3.525634355,12.847636292
d4:9a:a0:03:31:c7,3.397182856,3.230083714
a0:65:18:72:74:08,3.344343536,2.187606787
a0:65:18:49:2e:8e,3.285256896,3.122768567
98:f4:28:ea:b5:88,3.230349664,7.52437301
98:f4:28:da:7e:6d,3.12049745,1.309481606
14:49:bc:0c:5c:23,3.105627246,7.782772245
a0:65:18:49:67:64,3.006465663,1.011377991
00:1d:aa:00:00:01,2.966535849,22.580378479
d4:9a:a0:86:5b:c0,2.961500624,11.378431025
d4:9a:a0:63:c8:c8,2.888834943,4.967265963
d4:9a:a0:d5:e3:49,2.809533324,1.211448122
a0:65:18:65:78:b2,2.780755189,9.218355652
a0:65:18:98:d9:e1,2.724578631,4.879468537
a4:f4:c2:ae:15:2d,2.710963925,7.962792247
a0:65:18:75:31:ec,2.685055115,9.200901944
a0:65:18:35:3a:07,2.673147952,3.109478396
24:43:e2:57:21:a1,2.626063434,1.153314074
a4:f4:c2:1a:8d:67,2.564996259,13.775112947
98:f4:28:da:bb:03,2.527710333,8.60273519
a0:65:18:78:af:b6,2.509665578,0.398087211
a4:f4:c2:19:c9:29,2.449121839,0.682277869
a0:65:18:75:b8:9b,2.415807931,1.115516553
34:4d:ea:d8:c3:96,2.382636928,2.093840393
00:09:0f:17:e3:2e,2.375121108,8.222996683
a4:f4:c2:9f:c9:6d,2.329019048,2.451508872
cc:71:90:00:4e:41,2.320923127,6.127632451
a4:f4:c2:c2:ad:30,2.289892362,4.320438692
d8:38:0d:e3:45:11,2.203842441,3.338392499
a0:65:18:32:13:91,2.201411402,0.679942886
a0:65:18:74:ca:c1,2.16001756,1.235076259
98:f4:28:e1:8f:29,2.076973778,10.681712841
94:a7:b7:d3:0e:7e,2.055600474,7.411345026
a4:f4:c2:1a:13:1b,2.030620613,1.192630196
d4:9a:a0:86:68:e0,2.012564158,2.914668849
a0:65:18:83:8f:9e,1.930885762,0.60629374
a0:65:18:38:1c:51,1.881677866,2.679923715
94:a7:b7:d2:29:e1,1.845266592,4.24020733
c4:a3:66:eb:97:10,1.84141232,1.738497274
cc:71:90:1c:b5:29,1.8174392,0.559187254
a4:f4:c2:de:65:53,1.800162214,6.956051301
a4:f4:c2:c1:f6:f9,1.797127694,6.210282111
d4:9a:a0:b7:2b:29,1.78686408,1.19916991
cc:71:90:17:fe:81,1.781455606,5.432585911
a0:65:18:4e:72:c9,1.77523353,0.740067111
d4:9a:a0:4b:b1:e8,1.769074199,0.188437745
a0:65:18:cb:13:e7,1.767570365,1.777537593
18:d6:c7:6d:fa:69,1.759295596,5.021782282
5c:c7:d7:1f:26:3e,1.745542551,1.429900461
cc:71:90:50:06:b9,1.729561356,13.207797914
98:f4:28:ea:7b:c2,1.722583872,0.804987793
d4:9a:a0:ce:29:51,1.721538721,1.355585315
ac:64:62:d1:2d:e1,1.718303817,0.663911025
d4:9a:a0:ed:d9:d1,1.712156335,0.816817071
98:f4:28:eb:99:4e,1.690225915,2.068690821
cc:2d:21:1f:63:b9,1.689779707,4.340180028
a4:f4:c2:c1:e7:db,1.679289852,0.115141935
a0:65:18:cb:73:24,1.678019832,34.081648339
a0:65:18:9b:19:81,1.66963946,4.159170024
a0:65:18:49:5d:b6,1.664884158,2.388876256
cc:71:90:38:ef:a1,1.652384141,6.120987339
d4:9a:a0:14:dc:27,1.627598144,2.696772299
cc:71:90:1b:27:b9,1.6194344,2.600444665
18:44:e6:bc:4b:bc,1.605048353,2.32243329
a4:f4:c2:dd:ee:ab,1.57713847,1.484918371
98:f4:28:eb:ac:1d,1.569378221,0.487847586
a4:f4:c2:1b:2c:2b,1.565062248,15.252545708
a0:65:18:79:5d:95,1.554271972,0.09639187
a0:65:18:76:d1:ff,1.548745261,1.396982013
ac:64:62:e9:7c:93,1.523981148,1.932807617
e4:3a:6e:33:1e:4b,1.523496873,3.824836696
a4:f4:c2:c3:28:3f,1.506007695,4.402407283
a0:65:18:2f:c2:56,1.505439174,0.352465621
a4:f4:c2:dd:42:3a,1.5001456,1.415859922
a0:65:18:ad:e6:9e,1.485013696,3.680848202
a0:65:18:72:61:81,1.481889629,1.426058445
a0:65:18:35:36:25,1.475167335,4.074420927
a0:65:18:a1:6d:6f,1.463182737,1.95825421
cc:71:90:38:8d:f1,1.445870281,0.875396818
a0:65:18:a3:bb:04,1.444231258,3.305735647
d4:9a:a0:b7:26:81,1.418734939,18.110146228
d4:9a:a0:ed:ae:91,1.411587316,3.363087767
94:a7:b7:d3:3b:60,1.40570457,5.94881217
a0:65:18:ab:c3:cc,1.386047302,2.059448332
a4:f4:c2:c2:85:fd,1.360034058,7.241721441
a4:f4:c2:c3:0a:42,1.34215973,0.997696052
ac:64:62:d2:92:85,1.334435508,0.975280541
ec:8a:4c:fb:5f:70,1.33293264,6.074146806
ac:64:62:e9:a6:4b,1.329130415,7.367361576
a0:65:18:3e:cd:78,1.319987885,2.239396412
94:a7:b7:d2:f6:a0,1.319508946,1.790562193
c4:a3:66:e6:59:fa,1.318573182,5.763369651
a0:65:18:4c:4b:6b,1.289403604,4.354465351
cc:71:90:17:d5:19,1.288219243,14.650736362
a0:65:18:c3:82:fe,1.28335171,1.586880557
a0:65:18:42:cf:2a,1.269934002,5.641106527
d4:9a:a0:f2:88:42,1.268063123,32.396447028
98:f4:28:e3:41:2a,1.260656032,4.425944078
94:a7:b7:d2:44:a3,1.223907286,8.654687401
d4:9a:a0:87:9d:a8,1.216947427,3.796069333
a0:65:18:74:f4:61,1.214869561,1.767383184
d4:9a:a0:e2:f9:21,1.209965286,2.75740079
98:f4:28:ea:38:e2,1.207925056,6.490386404
cc:71:90:42:d9:91,1.205039071,1.018232203
24:43:e2:47:60:e1,1.204183416,1.092003371
ec:8a:4c:ec:ca:34,1.199128198,5.875852043
a0:65:18:61:87:9e,1.178047113,1.976802116
a4:f4:c2:9b:b9:01,1.168492225,2.908558862
cc:71:90:57:79:f1,1.162637662,26.284210448
a0:65:18:3c:9d:a7,1.15390292,1.486835823
18:44:e6:bc:48:97,1.152774716,0.915303886
a4:f4:c2:1a:7f:ba,1.149670327,5.945702015
a0:65:18:2e:ec:a8,1.149623887,4.918453531
ac:64:62:d1:16:4e,1.143117892,0.488179679
a0:65:18:9f:a9:9b,1.140332409,3.397905764
c4:ad:34:c7:ba:f6,1.136845598,4.34687316
d4:9a:a0:1e:f0:9f,1.136770702,3.886559213
a0:65:18:6d:38:48,1.130424667,9.150550412
a0:65:18:83:8d:5e,1.120628229,3.208942697
94:a7:b7:d2:5c:0e,1.119660415,1.346177065
c4:a3:66:ec:63:04,1.11117092,1.161070006
d4:9a:a0:d0:bf:b9,1.111056502,1.642266177
24:43:e2:41:ec:91,1.107375389,1.193482711
cc:71:90:15:f7:d9,1.106301769,2.487630102
94:a7:b7:d2:3d:69,1.094402356,2.627300175
a4:f4:c2:c2:97:6d,1.091075444,3.629584704
74:4d:28:cf:01:fc,1.080922469,5.470337974
d4:9a:a0:c9:61:42,1.060304916,0.556731084
a4:f4:c2:19:de:ef,1.051410517,0.554596639
98:f4:28:e5:92:38,1.049629362,3.276047686
98:f4:28:eb:a8:8f,1.046140726,2.246467162
c4:a3:66:e7:ed:e0,1.036870937,1.067867222
a0:65:18:54:53:6a,1.029419834,1.16606467
98:f4:28:e1:ec:67,1.024765303,1.273499175
a0:65:18:30:25:ff,1.01753029,3.962535005
a0:65:18:57:d2:07,1.017296458,1.934712599
d4:9a:a0:7a:02:6f,1.016838837,1.392168332
d4:9a:a0:c9:68:61,1.009821674,5.575701864
d4:9a:a0:f7:fa:c1,0.995758959,13.557303479
24:43:e2:52:bc:e9,0.991245912,8.496959612
a0:65:18:3e:ca:ea,0.987329119,6.651921658
18:44:e6:a3:8d:76,0.982165392,6.016585661
c4:a3:66:ec:2b:78,0.981649417,3.106371902
a4:f4:c2:dd:cc:13,0.971476711,8.682476598
a4:f4:c2:dd:db:0a,0.965906506,1.227088899
d4:9a:a0:c9:5e:c1,0.957282412,7.603447983
a0:65:18:42:f0:99,0.956044721,0.110417622
a0:65:18:3d:3a:b8,0.95113398,2.310372659
a0:65:18:c6:88:17,0.939318792,1.393945
a0:65:18:44:28:96,0.937103908,0.790165843
cc:71:90:1b:56:19,0.927597818,5.197080442
cc:71:90:33:cf:29,0.923918401,7.336820995
18:44:e6:bc:b7:dc,0.918408081,0.212745151
98:f4:28:e5:bb:fa,0.918147879,0.03905675
a4:f4:c2:dd:d3:30,0.917734375,0.158920334
d4:9a:a0:e2:be:41,0.910959279,4.225174165
a0:65:18:35:0f:97,0.907488511,2.6319613
18:44:e6:bc:bd:c7,0.897464963,2.735008911
98:f4:28:eb:83:91,0.88772109,0.56630509
d4:9a:a0:0e:6b:57,0.882312252,3.840047703
24:43:e2:57:04:99,0.869905166,2.173648847
d4:9a:a0:b7:38:11,0.865138508,2.56674737
a4:f4:c2:fa:32:c7,0.864593904,11.698550031
d4:9a:a0:79:93:77,0.863043017,0.693328855
98:f4:28:e2:b8:4a,0.860577394,3.713674313
a0:65:18:3d:d2:4a,0.857090497,3.7955018
a0:65:18:9f:bf:ac,0.852386846,3.519282837
d4:9a:a0:9b:9c:79,0.85143297,0.677947115
a0:65:18:59:ae:91,0.846915195,0.626790008
98:13:33:f7:e0:66,0.841658826,2.537463691
24:43:e2:6b:c3:71,0.84146579,8.106985083
1c:5f:2b:10:c4:9f,0.838597427,3.223634506
c4:a3:66:e8:30:ee,0.837099622,1.969948879
18:44:e6:bc:f2:0b,0.833135273,2.4294E-5
5c:c7:d7:1f:26:36,0.831670559,1.523053886
a0:65:18:a3:57:3e,0.830063025,0.475599078
18:44:e6:a3:e8:e8,0.829472534,5.047226726
70:9f:2d:d3:9b:63,0.826776828,3.787193034
d4:9a:a0:64:f8:18,0.817884552,1.200402329
a0:65:18:4c:c2:15,0.813985951,1.76828259
d4:9a:a0:0b:fe:f7,0.811971282,1.978070154
cc:71:90:0e:a9:61,0.811569318,0.04001088
44:f4:36:eb:8f:62,0.805396768,2.445678576
a4:f4:c2:ed:35:cf,0.803150339,2.981557042
98:f4:28:e5:36:26,0.802523031,0.876038523
a0:65:18:44:7c:cc,0.800708182,1.933279631
a0:65:18:4b:a5:1e,0.799844616,2.630330567
98:f4:28:db:11:bb,0.797304912,0.985352183
c4:a3:66:e8:85:42,0.795958763,1.028545129
a0:65:18:38:21:a6,0.794748456,1.711753141
ac:64:62:e9:59:11,0.792905381,7.111497127
a4:f4:c2:1a:07:87,0.788385141,4.813857849
a4:f4:c2:fb:b2:7f,0.781783673,1.145002541
a0:65:18:3e:c3:97,0.781351829,1.295139075
24:43:e2:58:c8:c9,0.779245093,2.368306841
a0:65:18:74:fa:dc,0.777618827,1.177425718
a0:65:18:2d:01:b6,0.775458022,2.748136061
18:44:e6:a4:27:2c,0.767405131,0.922373503
d4:9a:a0:a7:f3:d9,0.766416187,4.150159688
a0:65:18:65:c4:a5,0.765693043,2.282871634
ac:64:62:e8:a3:d1,0.765240884,2.523043999
a4:f4:c2:dd:fd:ae,0.765150805,1.474034263
98:13:33:f7:7f:d6,0.76234462,2.013781698
a0:65:18:64:58:b8,0.759688413,2.673983281
d4:9a:a0:b2:54:62,0.756111032,0.874949652
a0:65:18:4a:9c:d0,0.751689077,2.75301087
98:f4:28:eb:63:2f,0.750451359,9.162294336
d4:9a:a0:e7:02:f9,0.746573447,1.282683328
d4:9a:a0:64:47:48,0.74356106,7.016153682
cc:71:90:11:88:79,0.737692244,0.900295223
a0:65:18:81:f7:7d,0.7309238,0.337504845
a4:f4:c2:dd:f1:2d,0.730792883,1.46669964
a4:f4:c2:dd:72:1c,0.728681095,1.239534521
50:06:ab:e3:ff:15,0.723030641,1.490629051
d4:9a:a0:87:29:48,0.719490781,3.655493902
a0:65:18:98:55:1b,0.714377293,1.312712799
a0:65:18:74:fb:e1,0.712621024,3.24968892
d4:9a:a0:03:9a:8f,0.706219172,10.049175355
cc:71:90:00:17:11,0.704922973,1.378740529
ac:64:62:e9:50:10,0.70229311,6.229958
a0:65:18:c8:11:aa,0.701257525,3.574999785
ac:64:62:e9:10:1e,0.69877374,3.715664806
a0:65:18:53:bb:f3,0.698223386,0.374445273
98:f4:28:e1:e0:b9,0.697006923,3.431286973
5c:c7:d7:1e:ee:4e,0.691376906,3.086379437
a4:f4:c2:dd:87:c1,0.68873629,7.264498202
ac:64:62:d3:31:54,0.687619309,0.054782531
d4:9a:a0:b2:37:99,0.686775837,2.713443824
94:a7:b7:d2:ea:43,0.677577957,0.487696367
a0:65:18:44:79:4e,0.67701244,0.385815429
18:44:e6:a4:27:36,0.676843692,0.943643037
94:a7:b7:d2:27:ac,0.676316179,4.87262406
18:44:e6:a3:90:78,0.675525529,0.576939119
d4:9a:a0:f2:8e:82,0.675015503,3.832642197
a0:65:18:64:4b:47,0.661406809,7.373504397
a0:65:18:a3:f4:46,0.659192766,1.631050088
a4:f4:c2:1b:1e:72,0.65643814,2.108958658
a0:65:18:5d:21:18,0.650265544,2.672779298
a0:65:18:42:c4:4d,0.649718174,3.523384846
a0:65:18:3f:e8:e6,0.646552038,1.472866669
a0:65:18:4f:3d:fd,0.642476624,8.277516972
c4:a3:66:e8:39:7c,0.634589673,2.219871738
98:f4:28:e2:59:cc,0.633265099,1.147451346
a0:65:18:61:37:1f,0.630315589,1.583504496
a0:65:18:4c:47:a5,0.623844772,1.445954559
a0:65:18:75:a7:1f,0.623338419,0.58265847
98:f4:28:e2:bd:59,0.615233885,2.692572822
a0:65:18:44:a7:59,0.609234244,4.31449258
a0:65:18:2d:01:c5,0.606995368,2.333143633
20:76:93:4c:53:e5,0.606331732,0.77140457
a0:65:18:60:fc:7b,0.594929013,2.0944626
a0:65:18:40:e7:8f,0.594288103,0.387660393
a4:f4:c2:15:59:89,0.593465465,1.460584371
d4:9a:a0:b7:1e:d9,0.591240593,1.893922025
94:a7:b7:d2:e1:42,0.590348776,2.45620268
a0:65:18:ad:d0:81,0.587513487,19.276984137
00:1d:aa:23:1e:29,0.570706379,0.293561947
c4:a3:66:ec:1f:9c,0.569881473,0.602279022
a0:65:18:2d:53:91,0.56700988,0.272883213
cc:71:90:00:57:21,0.564394017,5.227328092
d4:9a:a0:b2:36:12,0.55757358,0.793757789
98:13:33:f7:59:66,0.556821568,1.015474606
98:f4:28:e1:f7:6b,0.556199448,2.513396745
a0:65:18:56:bb:7e,0.551606704,0.459461327
98:f4:28:ea:6a:92,0.55054798,3.189175508
d4:9a:a0:c9:ba:c1,0.544440011,1.494337866
d4:9a:a0:f2:83:ca,0.542867683,3.906831031
24:43:e2:57:df:81,0.541348599,1.696831595
94:a7:b7:d1:fb:10,0.539444811,1.524049927
a0:65:18:69:6a:71,0.539023266,2.709429366
a0:65:18:5f:68:41,0.536409102,0.940117711
ac:64:62:d3:04:d1,0.536259992,1.535205333
d4:9a:a0:39:73:cf,0.533888822,0.091110408
a0:65:18:9f:aa:a0,0.531563608,0.161866221
a0:65:18:ab:c6:9c,0.531207736,0.024877605
a0:65:18:5e:ed:71,0.526272237,0.912808309
98:f4:28:ea:7c:d5,0.523584279,3.647259047
a0:65:18:5a:b4:4e,0.523283614,1.448070525
98:f4:28:e5:2d:ed,0.521793338,4.95899109
18:44:e6:bc:43:f1,0.521369511,2.564845311
98:f4:28:db:58:01,0.519391677,0.824340806
d4:9a:a0:50:36:e7,0.517116559,1.494576575
cc:71:90:57:7c:4a,0.514456585,8.05468568
a4:f4:c2:bb:d2:4e,0.513794355,1.282011905
a0:65:18:41:bc:8f,0.510770277,0.52452058
c4:a3:66:ec:52:90,0.507037148,5.71728807
d4:9a:a0:03:13:3f,0.505920455,0.93533642
a0:65:18:38:1d:a4,0.505652997,1.190888564
a4:f4:c2:1a:07:cc,0.504512409,2.828690033
ac:64:62:d1:29:3b,0.498933829,4.756205392
cc:71:90:1b:cd:99,0.498472064,0.306230905
a0:65:18:6d:3c:50,0.494380145,1.306852038
a0:65:18:31:9f:77,0.493943072,0.733307266
a0:65:18:98:95:65,0.492554246,4.671121524
a0:65:18:49:a6:5e,0.491977641,1.817956743
98:f4:28:db:8f:9c,0.490755209,1.74084259
98:f4:28:e2:a0:76,0.49072244,2.450338879
98:f4:28:eb:0f:56,0.483594902,9.136624778
a0:65:18:67:f5:24,0.480764229,1.624851919
18:44:e6:a3:86:37,0.478787148,3.828813775
98:f4:28:e5:8f:13,0.47460043,1.665699515
98:f4:28:e5:71:ae,0.473672712,0.723582172
a0:65:18:9b:c5:0e,0.471921079,5.574678354
a0:65:18:75:3a:fb,0.470935658,0.158136863
98:f4:28:e3:05:34,0.470883466,1.207820694
d4:9a:a0:87:e8:d0,0.466146136,1.357961024
d4:9a:a0:b2:eb:61,0.461396272,0.241553057
c4:a3:66:eb:53:f0,0.461302767,27.453691013
d4:9a:a0:da:80:21,0.460394828,1.732554307
a0:65:18:4c:c6:c5,0.457020302,2.009799846
a0:65:18:8c:53:cc,0.453376726,3.117269173
c4:a3:66:e8:7d:26,0.451712845,4.184749454
d4:9a:a0:42:dc:87,0.449369377,2.621899166
a0:65:18:74:fe:5d,0.449145003,3.943814394
a4:f4:c2:19:f1:52,0.448952644,2.052754598
a0:65:18:3c:aa:7f,0.443003328,0.87139803
d4:9a:a0:5f:97:6f,0.437768743,3.845424335
d4:9a:a0:f2:ba:d1,0.430774766,1.324157872
c4:a3:66:e8:4f:a2,0.425787248,6.531140737
d4:9a:a0:ec:45:82,0.423706235,1.15842053
a0:65:18:54:a6:ec,0.418833678,0.657152435
cc:71:90:1b:d3:21,0.416869107,2.75524411
a0:65:18:a3:bc:69,0.413590743,5.060796406
a0:65:18:54:a4:6a,0.411095899,0.617959761
a0:65:18:31:aa:12,0.410613955,12.976300429
98:f4:28:e1:b1:2f,0.407985797,1.9814979
d4:9a:a0:d8:12:c1,0.407826887,0.4271797
d4:9a:a0:56:17:57,0.404867979,4.026632915
98:f4:28:e2:08:d2,0.403368765,1.133934714
a4:f4:c2:d0:b9:3c,0.401472043,5.144284578
5c:c7:d7:1e:f0:7e,0.400072177,4.745104473
a0:65:18:74:bb:c0,0.397478922,2.720140343
a0:65:18:2f:65:08,0.39677597,3.77528118
a4:f4:c2:9f:ab:d2,0.395781372,0.620697158
a0:65:18:3b:75:f7,0.391521676,0.086906668
d4:9a:a0:80:d1:77,0.391459858,1.836719183
ac:64:62:e9:9a:57,0.390436219,0.707408887
d4:9a:a0:03:33:df,0.389374096,4.50749492
98:f4:28:e5:34:55,0.384600122,2.984360577
d4:9a:a0:4b:a4:60,0.383558731,1.690708063
a0:65:18:49:6d:d0,0.382957336,1.09031457
a0:65:18:3e:04:f0,0.370964835,2.285106069
18:44:e6:bc:eb:f3,0.370294743,0.350986243
a0:65:18:d1:a1:c8,0.368109269,2.19449019
a0:65:18:64:63:83,0.365483259,0.910170641
d4:9a:a0:88:57:d8,0.36264831,3.893998596
a0:65:18:75:24:a0,0.361202685,4.858200353
a0:65:18:54:a4:40,0.360545792,0.858923207
a0:65:18:7a:4b:8b,0.358382816,1.090341898
98:f4:28:e3:26:db,0.357677516,1.406724542
a0:65:18:83:0e:c8,0.354667577,0.931425956
94:a7:b7:d2:12:f8,0.35330691,1.857759038
a0:65:18:38:ed:58,0.352525389,0.110768128
a0:65:18:8c:ae:43,0.351354185,0.921596229
a0:65:18:3b:65:74,0.35040257,2.868220465
18:44:e6:bc:48:4c,0.349530238,0.76930536
ec:8a:4c:fb:53:46,0.348248838,3.605938728
a0:65:18:75:b8:05,0.34678138,7.970815895
a0:65:18:08:1e:bb,0.34521746,0.463313812
c4:a3:66:e5:d4:da,0.344116644,2.592159917
98:f4:28:ea:37:c5,0.342916425,5.192274971
c4:a3:66:e8:5d:70,0.342010057,1.585208577
a0:65:18:41:c8:20,0.339466198,0.909540506
c4:a3:66:e6:8a:60,0.339249962,1.483087323
d4:9a:a0:c9:66:72,0.338240923,1.881180147
a0:65:18:75:37:08,0.335946985,0.08497888
a0:65:18:64:56:c0,0.334114234,0.22101648
74:83:c2:6d:ec:34,0.333967297,3.123307783
a0:65:18:2d:52:26,0.33382429,2.038150631
a0:65:18:77:5d:82,0.328921928,0.076742197
a4:f4:c2:cd:15:01,0.328282995,0.053212774
a0:65:18:72:54:2e,0.327786492,7.798873745
c4:a3:66:ec:13:00,0.327687015,3.111654708
c4:a3:66:e6:3d:20,0.320190584,7.85066241
d4:9a:a0:cb:9c:89,0.31640321,0.079197738
c4:a3:66:eb:cf:8c,0.312929368,1.424900524
a0:65:18:b0:dd:80,0.312505313,4.711015613
a4:f4:c2:1a:a8:76,0.312432165,1.392691554
98:f4:28:ea:38:1a,0.312258351,8.30804189
a0:65:18:74:64:f6,0.311345432,1.517237346
a0:65:18:44:79:6f,0.309370407,2.889678776
d4:9a:a0:63:d9:88,0.307535907,5.784643534
cc:71:90:42:df:c1,0.305729311,2.967739899
d4:9a:a0:64:f6:20,0.304633037,0.677359216
70:9f:2d:fb:67:3c,0.304473903,0.686370346
98:f4:28:db:42:d0,0.303497243,15.590463709
a4:f4:c2:19:d7:75,0.302682547,1.752164517
a0:65:18:79:f0:dd,0.302182462,1.316316414
a0:65:18:c9:8e:ec,0.301040608,1.763509709
a0:65:18:3d:dd:51,0.299746063,0.678295838
c4:a3:66:ec:09:e8,0.29615263,12.758027227
d4:9a:a0:50:59:57,0.295749201,33.286098207
ac:64:62:d6:92:09,0.295368523,0.547771354
a0:65:18:9f:a0:e3,0.294086708,2.971381469
d4:9a:a0:c9:61:92,0.293927364,9.144060415
a4:f4:c2:1a:3a:03,0.293220826,2.17464408
d4:9a:a0:da:7f:39,0.29025715,0.802615525
94:a7:b7:d1:fa:fc,0.289352672,3.361138399
a0:65:18:0e:ec:37,0.287345462,2.073378214
ac:64:62:d3:42:20,0.282614387,1.568799813
ac:64:62:e9:a2:31,0.28225068,0.338099777
a4:f4:c2:dd:d4:29,0.281667713,0.791296281
a0:65:18:b7:9a:2c,0.281448879,1.575702271
a0:65:18:74:f1:19,0.281387362,0.185658382
a0:65:18:2d:5c:5e,0.279708153,0.196115091
a4:f4:c2:9b:ea:a0,0.279166279,2.555806367
a0:65:18:41:b8:f0,0.276875275,0.298046545
a0:65:18:34:3b:f3,0.276814408,5.347101579
a4:f4:c2:d0:be:5c,0.276333458,0.9132956
a0:65:18:91:54:b3,0.276233768,4.939286526
a0:65:18:4a:50:3e,0.274493818,0.024313402
d4:9a:a0:5d:d5:9f,0.273455673,4.773716274
d4:9a:a0:cb:9e:29,0.273064422,1.127955932
a4:f4:c2:dd:cb:32,0.271553687,0.381550478
a0:65:18:51:bf:c7,0.268180716,3.566415654
a4:f4:c2:d9:e1:aa,0.266798974,12.980125009
d4:9a:a0:e6:f2:41,0.26670171,1.986454774
a4:f4:c2:9f:97:a8,0.266097753,0.507655561
18:44:e6:bc:a1:3e,0.265890801,1.737392154
a4:f4:c2:0a:11:f5,0.263987188,1.06034214
ac:64:62:e9:53:26,0.258313343,2.585033891
a0:65:18:54:51:f3,0.252585369,0.030833793
d4:9a:a0:c9:6e:52,0.25073926,1.43017508
d4:9a:a0:19:69:ff,0.250561768,1.154355028
a4:f4:c2:bb:28:07,0.248955301,1.38870562
a4:f4:c2:1a:d1:4a,0.247701219,1.17103866
a4:f4:c2:1a:0c:12,0.24720129,1.679941451
a0:65:18:49:0d:b2,0.246043544,5.393141972
d4:9a:a0:81:fa:ef,0.243958184,6.083420256
d4:9a:a0:b7:0c:b1,0.241861091,4.435344856
a0:65:18:2f:05:33,0.241146683,0.040829595
a0:65:18:91:65:8a,0.240696932,1.751498513
a0:65:18:36:76:b6,0.240518829,2.890868013
d4:9a:a0:f2:b4:a9,0.239867804,0.227509696
a4:f4:c2:dd:6f:64,0.239409569,0.154042363
a4:f4:c2:dd:2d:91,0.239327153,3.702422653
a4:f4:c2:9f:bf:4a,0.238920234,3.229273971
24:43:e2:6b:df:71,0.237687783,1.725917766
a4:f4:c2:0e:37:3b,0.236386771,4.670381217
ac:64:62:e9:5f:4c,0.235837732,9.23070108
a4:f4:c2:1a:98:9e,0.233468046,18.826271438
a0:65:18:2e:fa:86,0.232414507,0.05308529
70:9f:2d:d3:63:aa,0.232024925,1.700423401
98:f4:28:ea:53:72,0.231840801,7.90607462
a0:65:18:6c:7a:3d,0.230688766,2.925634457
ac:64:62:e9:52:9a,0.229344365,0.706976685
d4:9a:a0:1e:7a:cf,0.228851757,0.398424267
18:44:e6:bc:a2:e7,0.227497403,1.864592382
a0:65:18:c6:15:a5,0.22729324,0.358327376
d4:9a:a0:39:d2:1f,0.226382132,2.024952333
a0:65:18:42:ce:31,0.226056177,0.839662556
a4:f4:c2:1a:ec:59,0.224003598,1.526390317
a4:f4:c2:c2:7f:bb,0.223776202,7.893366284
c4:a3:66:e6:63:54,0.223029196,8.017740532
ac:64:62:e9:ab:c8,0.221758153,2.763068654
a0:65:18:48:f3:ab,0.221123439,0.313469815
a0:65:18:66:fa:08,0.219847936,0.001177179
18:44:e6:bc:dc:94,0.219409304,13.871455116
18:44:e6:a3:ee:47,0.218762192,2.089352834
a4:f4:c2:1a:01:c9,0.217574868,0.732859249
d4:9a:a0:4c:f8:21,0.217008531,1.173485145
a0:65:18:82:8b:d9,0.214976727,0.945538118
a0:65:18:10:77:b9,0.212088828,4.117761431
18:44:e6:a3:88:c1,0.2120535,0.647350801
d4:9a:a0:d9:1b:c2,0.211233661,6.847172466
d4:9a:a0:b2:f0:81,0.209587083,1.415349457
d4:9a:a0:f2:85:99,0.208749802,9.280053642
98:f4:28:ea:40:35,0.207963136,0.771833259
a4:f4:c2:1b:12:20,0.206949186,1.503200593
a0:65:18:5f:e6:fb,0.205834568,3.422577459
d4:9a:a0:86:fc:b8,0.205017065,1.975543373
d4:9a:a0:f2:83:1a,0.204964988,1.207515855
d4:9a:a0:80:cf:ef,0.202493208,1.790117032
98:f4:28:e2:2e:7a,0.202456404,0.826400112
98:f4:28:da:88:f4,0.201956427,0.123930646
a4:f4:c2:1a:32:65,0.201114191,1.033021909
18:44:e6:a3:86:91,0.200350665,0.056280579
a4:f4:c2:e5:02:1f,0.199848866,1.298529518
a0:65:18:5e:ed:59,0.199615215,0.383974361
a0:65:18:64:64:28,0.196958725,0.021510694
d4:9a:a0:c2:6d:81,0.194925467,0.471356797
18:44:e6:a3:ea:73,0.194403541,1.155663286
c4:a3:66:eb:86:84,0.191781873,0.596238261
a4:f4:c2:dd:ee:a8,0.191127743,0.332293365
18:44:e6:bc:ce:a2,0.190361791,0.500283043
a0:65:18:95:cb:aa,0.188678746,0.484391928
d4:9a:a0:c9:6a:62,0.186426827,0.105088279
a0:65:18:75:b8:08,0.186288887,0.585802474
c4:a3:66:e5:d4:4a,0.186269157,2.042659049
ac:64:62:d1:15:54,0.186113124,0.099459789
94:a7:b7:d2:52:f4,0.185656888,0.23716425
98:f4:28:da:5e:a1,0.185118904,1.308760494
70:9f:2d:d3:eb:59,0.185104639,0.422666178
a0:65:18:3e:c4:84,0.184956343,0.385428007
98:f4:28:da:94:8e,0.184597093,1.081984776
a0:65:18:9b:9c:f1,0.183170225,0.111244071
a4:f4:c2:a0:20:a6,0.181366819,0.217412306
70:9f:2d:d3:82:f9,0.180984392,2.056127825
a0:65:18:7a:4b:07,0.180824553,0.033282426
98:f4:28:db:ab:a3,0.178874185,0.227012649
d4:9a:a0:63:be:c8,0.176035751,1.556797274
44:f4:36:e8:af:58,0.175264941,0.728097768
98:f4:28:e1:90:fa,0.174384481,0.621648395
cc:71:90:0b:5b:51,0.174376147,5.621479347
a0:65:18:3e:b8:f9,0.173896066,2.786452122
cc:71:90:00:62:b1,0.173341742,0.458714899
a0:65:18:6f:c0:9c,0.172634237,0.985082703
cc:71:90:1b:5b:b1,0.172427193,4.881082832
d4:9a:a0:b7:0e:09,0.17117224,0.284973896
94:a7:b7:d1:f9:3a,0.170337848,3.055989431
d4:9a:a0:03:35:4f,0.169992605,0.435211662
cc:71:90:1b:2b:91,0.169298108,1.433595968
a0:65:18:2f:69:fb,0.168787058,0.081609592
a4:f4:c2:1b:18:ad,0.167465273,0.162492746
a0:65:18:86:92:5f,0.16510563,0.642589855
a0:65:18:8d:af:20,0.164651165,6.598193294
d4:9a:a0:c9:6b:6a,0.163552773,0.329583265
a0:65:18:48:f1:bf,0.162611169,1.24550876
a4:f4:c2:1a:61:fc,0.161453344,0.430709635
c4:a3:66:eb:92:c6,0.160047083,1.229115813
a4:f4:c2:04:54:88,0.15943243,6.99663E-4
c4:a3:66:e6:51:9c,0.158697152,1.012694578
d4:9a:a0:5f:bd:47,0.15812137,1.22791884
cc:71:90:00:54:f1,0.156715921,0.36145793
a0:65:18:9f:81:c9,0.153979331,4.831077671
a0:65:18:4c:c6:dd,0.153874977,0.181408431
a0:65:18:ac:ab:83,0.153786332,0.859464024
a0:65:18:15:b1:dd,0.152891399,0.041443283
a0:65:18:74:97:fc,0.151162663,1.395675309
a0:65:18:9b:3d:c3,0.151113292,21.605046411
a0:65:18:aa:b3:5c,0.151052994,0.939002763
a0:65:18:74:ff:9b,0.150969333,2.85265072
98:f4:28:ea:37:70,0.150908969,0.009284032
18:44:e6:a3:e1:bd,0.149759935,0.075049678
cc:71:90:11:2d:91,0.149198236,4.570661267
a0:65:18:34:fd:08,0.147802479,3.74396434
a0:65:18:a0:4b:44,0.147752507,2.171350954
a0:65:18:9d:8d:83,0.147389176,1.570197772
a0:65:18:42:c7:05,0.145605464,0.601568243
98:f4:28:e1:a1:da,0.14473527,6.180324863
a0:65:18:3b:6c:77,0.144701314,1.040220181
98:f4:28:eb:a3:03,0.144188496,0.62971235
cc:71:90:0a:ea:11,0.143508891,1.930596415
c4:a3:66:eb:60:9e,0.142704937,0.998012594
a0:65:18:ad:c8:3e,0.141815747,5.046412701
a0:65:18:31:be:bf,0.140957402,0.131453282
98:f4:28:db:2c:55,0.140090915,0.863409802
ac:64:62:e9:ae:ed,0.139844772,4.937575286
a0:65:18:8c:49:21,0.139783912,1.828711001
a0:65:18:86:92:53,0.138614275,0.010746253
24:43:e2:57:1b:49,0.138518358,0.546782088
d4:9a:a0:8f:9d:31,0.137565094,0.446565649
a0:65:18:98:50:05,0.137438612,0.351823375
98:f4:28:ea:36:f8,0.136194979,3.456909479
a4:f4:c2:dd:e3:b5,0.135950106,0.116197688
24:43:e2:47:7e:d1,0.135904842,1.972600435
a0:65:18:6d:0e:bd,0.131505347,2.013680386
a0:65:18:7a:15:43,0.131476066,0.411748025
a4:f4:c2:fb:a6:b7,0.130981825,0.99410677
a4:f4:c2:d0:38:bc,0.130862701,1.10508955
98:f4:28:ea:e6:16,0.130660909,0.515427091
c4:a3:66:ec:12:d6,0.130486226,0.185702235
a0:65:18:ac:0a:eb,0.13036238,2.765837201
d4:9a:a0:64:f7:7f,0.129619004,1.799330025
24:43:e2:57:12:81,0.129144901,6.840107397
a0:65:18:2d:5d:4b,0.129141319,0.838995787
d4:9a:a0:6a:78:b1,0.127802592,20.224676996
d4:9a:a0:cb:85:69,0.126970529,3.521335655
a0:65:18:31:70:6a,0.126497144,4.87672908
a4:f4:c2:e9:d1:07,0.126158701,2.779353145
a4:f4:c2:19:d9:34,0.12494826,0.371510243
a0:65:18:50:4e:e8,0.124325462,0.932521703
a4:f4:c2:1a:14:83,0.123132748,1.843319129
a0:65:18:35:0e:3c,0.121645437,1.43349258
a0:65:18:3f:e3:3a,0.121602022,0.535835844
c4:a3:66:e6:4e:78,0.12151807,0.076687472
d4:9a:a0:86:66:00,0.120748688,0.575557655
d4:9a:a0:80:8d:e7,0.120621331,0.184092627
a0:65:18:3e:cb:2f,0.12009105,1.088927918
a4:f4:c2:c2:cf:80,0.119328734,0.336690517
a0:65:18:c5:be:cf,0.118864007,2.899784776
98:f4:28:ea:9e:cc,0.118002486,0.66077757
a4:f4:c2:d0:7b:8d,0.11750782,0.735191954
c4:a3:66:eb:54:6e,0.117189544,48.173071112
a0:65:18:4c:6f:6e,0.117105731,0.039617823
cc:71:90:39:48:79,0.116821055,2.192762219
98:13:33:f7:54:e0,0.116370727,3.384371619
a4:f4:c2:aa:88:60,0.115808568,0.432640506
a0:65:18:2e:f1:34,0.115667333,0.357082842
a4:f4:c2:af:0b:b7,0.114824466,0.265172936
94:a7:b7:d2:70:86,0.114545781,0.026934283
d4:9a:a0:4b:b9:d8,0.113369946,0.353071312
d4:9a:a0:86:5b:38,0.112899649,1.283156711
ec:8a:4c:fb:52:6f,0.112888192,0.795263886
a4:f4:c2:c2:16:06,0.112873969,1.468019783
d4:9a:a0:49:21:80,0.112501892,2.286674097
d4:9a:a0:14:dd:9f,0.111800631,1.021335266
ac:64:62:e8:ab:c9,0.111445969,2.92846026
98:f4:28:e1:e2:a3,0.110681644,0.001316737
a0:65:18:5f:b5:06,0.108665953,3.200866184
c4:a3:66:e5:fd:ea,0.108461778,2.65413723
98:f4:28:ea:a1:74,0.10840979,1.907949774
98:13:33:f7:d3:ac,0.108234548,0.233938175
a0:65:18:53:6a:84,0.108125313,7.828204859
a0:65:18:44:2f:5c,0.107877478,1.061693846
a0:65:18:57:d3:c8,0.107703085,1.075658956
d4:9a:a0:81:fb:4f,0.107665121,2.965522416
34:4d:ea:d7:fd:90,0.103824294,8.050379974
d4:9a:a0:6c:72:21,0.103738409,3.645255908
a4:f4:c2:b5:a0:10,0.10361595,3.032735603
a4:f4:c2:93:cf:68,0.103050208,0.986952199
a4:f4:c2:19:db:b6,0.101632201,0.627100631
98:f4:28:db:90:5a,0.10140273,2.567926183
98:f4:28:e9:e5:e0,0.101018727,0.066988683
a0:65:18:54:50:97,0.100129664,2.56440684
d4:9a:a0:c7:81:99,0.098075989,21.011812607
a0:65:18:57:d4:d9,0.09780534,0.692947193
d4:9a:a0:f7:f8:a1,0.097562349,26.528842769
c4:70:ab:72:9a:85,0.097346349,0.370798274
a0:65:18:4c:6a:9a,0.097263685,1.275969713
cc:71:90:1d:18:a1,0.095798934,2.74101024
98:f4:28:eb:aa:33,0.093604917,0.00672565
a4:f4:c2:9f:a2:13,0.092324977,0.16503181
24:43:e2:6b:c5:b1,0.092319678,7.425122363
d4:9a:a0:39:c9:87,0.092017807,2.123534949
a4:f4:c2:dd:ea:9d,0.091972692,0.34602574
a0:65:18:2e:ff:c3,0.091176745,2.239362385
a4:f4:c2:1b:24:0c,0.091124161,5.179342818
a4:f4:c2:1b:18:f9,0.091083133,0.067283224
a4:f4:c2:d0:6d:e9,0.091044867,2.219505218
a4:f4:c2:19:f0:62,0.090696938,7.890288851
24:43:e2:60:fd:69,0.090605095,1.808084035
d4:9a:a0:f2:bd:c1,0.089455459,0.276984828
a4:f4:c2:ae:37:77,0.088796908,1.021928276
a4:f4:c2:dd:f3:b8,0.088065272,0.510452038
98:f4:28:e2:9c:0c,0.087823302,1.553797533
a0:65:18:c6:1f:f2,0.086634377,0.076788735
a0:65:18:47:1e:a0,0.086550815,6.906592822
d4:9a:a0:64:f7:88,0.085672149,1.184003695
cc:71:90:0b:99:91,0.085487261,0.091065816
a0:65:18:5b:7c:02,0.085459387,0.573357817
a0:65:18:3e:c7:39,0.085393876,2.595790849
d4:9a:a0:88:47:37,0.085142545,0.116257896
94:a7:b7:d2:54:c0,0.084217399,0.41677838
94:a7:b7:d2:ed:2c,0.083875317,3.892605293
a4:f4:c2:c2:1f:70,0.083745534,0.17144255
a0:65:18:59:cb:b0,0.082247033,1.115686496
a4:f4:c2:a9:99:cb,0.08052389,0.775442782
a0:65:18:b6:5c:05,0.080233063,0.507425144
18:44:e6:bc:79:89,0.080219266,0.29789412
98:f4:28:eb:07:27,0.079561472,0.890648328
a0:65:18:91:9b:39,0.079174368,1.896649482
98:f4:28:e1:ab:5d,0.07898204,0.305794772
a0:65:18:c5:f8:6e,0.078941941,0.924341994
d4:9a:a0:c3:47:e9,0.078799177,0.459034152
d4:9a:a0:e4:80:51,0.07716343,0.10622722
18:44:e6:bc:8e:f1,0.077104976,0.602846468
a4:f4:c2:a4:29:08,0.076048621,0.92214482
98:f4:28:da:b1:67,0.074297026,0.670232913
a0:65:18:7d:8d:34,0.074252672,0.036973865
a4:f4:c2:1a:0e:0b,0.073971072,0.133586576
a0:65:18:44:43:21,0.073450962,0.008891954
ac:64:62:d1:29:4f,0.072512877,0.718307863
18:44:e6:a3:ba:f3,0.072467815,0.362374245
c4:a3:66:e6:87:36,0.072118371,0.1301086
cc:71:90:33:b9:31,0.071682125,3.601463666
18:44:e6:bd:83:c9,0.070609968,1.244462347
34:4d:ea:d7:d7:4a,0.070541291,1.012700959
c4:a3:66:e6:31:74,0.070238049,0.793035382
d4:9a:a0:64:5a:58,0.069977707,0.359598349
a0:65:18:a3:9a:61,0.069927833,0.16184329
d4:9a:a0:48:e9:18,0.069361304,0.510778911
d4:9a:a0:87:a4:a0,0.069058741,1.934798218
a4:f4:c2:1a:bd:d5,0.068892355,0.521041225
d4:9a:a0:cb:a1:72,0.068654259,0.673080191
44:f4:36:eb:4c:3c,0.066526395,0.935809664
a0:65:18:42:f0:bd,0.066368105,0.420451608
98:f4:28:e3:45:53,0.066302299,0.477680428
d4:9a:a0:b7:27:d9,0.065449045,0.253985217
a0:65:18:ad:92:92,0.065029153,0.880731459
a0:65:18:59:1e:e8,0.064671026,1.183816965
d4:9a:a0:80:d4:77,0.064179476,1.353692452
d4:9a:a0:ed:d2:c9,0.06415512,1.738191323
98:f4:28:eb:83:e1,0.063435285,3.787609334
98:f4:28:da:d1:c4,0.063259333,0.147574215
a4:f4:c2:a0:04:50,0.062391581,0.246934782
a4:f4:c2:1a:19:f6,0.06191433,2.287661069
34:4d:ea:d7:f5:68,0.061809819,0.078764765
a0:65:18:3b:68:41,0.061037741,1.069489757
a0:65:18:8c:da:ad,0.06034498,0.679154974
ac:64:62:d1:1d:60,0.06011011,0.924302666
a4:f4:c2:1a:16:45,0.060096112,0.388941823
a0:65:18:4f:43:2b,0.059404728,0.001637335
8c:e1:17:a0:3f:52,0.058753611,1.30455144
18:44:e6:a3:f0:cc,0.057711749,0.005125316
a0:65:18:5c:ca:58,0.056288047,1.486356909
ac:64:62:e9:4b:65,0.056105696,0.049047745
cc:71:90:57:92:d9,0.055810725,5.619586254
c4:a3:66:eb:a1:0c,0.055483772,0.089252866
a0:65:18:14:72:63,0.055172612,1.590154435
a4:f4:c2:c3:11:e0,0.054701647,1.862460417
5c:c7:d7:1f:39:a6,0.054487252,0.715433974
d4:9a:a0:f2:b4:41,0.0534819,0.564354531
98:13:33:f7:2e:7c,0.052645593,0.417158066
a0:65:18:41:bc:62,0.052624898,1.231230824
a0:65:18:54:4d:ca,0.052563859,0.023462029
a0:65:18:9f:aa:9a,0.052554011,2.751311731
d4:9a:a0:b2:ef:11,0.05237009,1.659121898
d4:9a:a0:96:78:01,0.052206881,0.125458993
a0:65:18:3c:a0:68,0.052149962,2.210562129
a0:65:18:ca:08:06,0.050816587,2.979468647
c4:a3:66:e6:5d:ea,0.050782043,3.922089041
d4:9a:a0:f2:86:69,0.050626424,0.113360129
a4:f4:c2:c6:e9:34,0.050304314,0.985389339
a0:65:18:39:5c:8b,0.050025726,4.569675006
a0:65:18:d0:2e:b8,0.049717032,0.233062203
cc:71:90:38:89:41,0.049546874,0.377916188
a4:f4:c2:1a:0e:d7,0.049399864,0.721127108
cc:71:90:11:21:21,0.049262035,0.135827657
a0:65:18:c4:3f:b6,0.049120825,1.323793688
a4:f4:c2:c2:bd:80,0.048926279,0.499199191
a0:65:18:3b:94:8d,0.048890145,2.976657962
cc:71:90:38:89:c9,0.048140861,2.162616965
d4:9a:a0:49:42:00,0.047565128,0.295323422
a4:f4:c2:19:c4:46,0.047486159,0.318934848
a0:65:18:74:05:86,0.047115981,2.204076403
a4:f4:c2:d0:f2:52,0.047030238,0.332169477
a4:f4:c2:f3:5f:7f,0.046560097,0.450337782
a4:f4:c2:a0:3e:31,0.046291099,0.050193474
a0:65:18:75:a5:12,0.045251575,0.261741432
d4:9a:a0:e6:58:d1,0.045047393,0.07216079
a0:65:18:cd:5f:9c,0.045023232,0.37682554
ac:64:62:d1:2e:22,0.044914489,0.215704057
d4:9a:a0:42:63:27,0.044489881,2.07286785
a0:65:18:3a:b6:69,0.043839167,5.899691908
a0:65:18:39:52:09,0.043739939,0.462840145
d4:9a:a0:14:53:9f,0.043604852,8.219839156
98:f4:28:e2:48:6f,0.042498979,0.156731129
a4:f4:c2:0a:29:ec,0.042475088,0.102231158
a0:65:18:3b:89:4d,0.042192339,0.058872006
d4:9a:a0:9b:f7:29,0.042073793,0.075595091
a0:65:18:75:23:86,0.041923477,0.174558525
a0:65:18:86:a9:d8,0.041870198,0.562429941
98:f4:28:da:5b:4a,0.041265576,0.958941864
d4:9a:a0:4b:b7:40,0.041204498,0.0148829
a0:65:18:9b:c3:c4,0.040921082,2.093549851
a0:65:18:86:e4:a4,0.040467244,0.125837751
a4:f4:c2:a0:0b:79,0.03960971,0.331771207
34:4d:ea:d8:55:38,0.039327478,3.356549886
c4:a3:66:eb:9a:b8,0.038750073,0.05810167
ac:64:62:d1:32:87,0.038368785,0.182045302
c4:a3:66:eb:cc:38,0.038282847,0.021599878
24:43:e2:59:45:e1,0.037765374,0.605375554
24:43:e2:6b:5a:91,0.037758443,14.021320275
d4:9a:a0:d5:e5:11,0.037368577,8.130177015
d4:9a:a0:b7:34:c1,0.037228774,0.039482914
a0:65:18:98:ec:3e,0.037185064,3.159489573
44:f4:36:e7:09:73,0.036701968,1.500805491
d4:9a:a0:ed:db:49,0.036688143,0.147301392
98:f4:28:db:75:bb,0.036580476,1.220120948
a0:65:18:7e:90:84,0.036554397,19.632845772
98:f4:28:db:86:91,0.036521092,1.712131321
a0:65:18:66:f0:0c,0.036489928,4.441592479
a4:f4:c2:1a:13:c6,0.036064193,0.061965205
d4:9a:a0:e2:c2:31,0.035953441,11.182547855
a0:65:18:38:17:05,0.035429134,20.757678576
ac:64:62:e9:8a:e4,0.034998937,5.103929932
ac:64:62:e9:78:7e,0.034834061,2.569257267
34:4d:ea:d8:ea:ae,0.034376465,0.139946855
98:f4:28:e3:3c:02,0.033675184,0.004649961
d4:9a:a0:cb:9a:d9,0.033081126,0.380157667
18:44:e6:a3:b0:f8,0.033024799,1.160265393
d4:9a:a0:6d:0b:49,0.032922983,0.455634102
94:a7:b7:d3:47:68,0.032262665,0.365916564
d4:9a:a0:2f:9a:97,0.03164861,1.332132222
a0:65:18:39:d1:cd,0.031009405,0.760962085
18:44:e6:a3:d4:11,0.030804053,0.271188057
a0:65:18:4a:8e:93,0.030183165,0.032097951
d4:9a:a0:d9:24:41,0.029959096,28.264502964
d4:9a:a0:c7:c0:59,0.029951899,5.366767167
a0:65:18:57:d7:ee,0.029735081,0.034665536
a4:f4:c2:c2:99:ef,0.029598577,1.368871095
a0:65:18:75:00:04,0.029525454,0.018125624
a4:f4:c2:c1:1c:25,0.029371603,1.979729068
cc:71:90:1b:47:11,0.028462991,0.147033755
c4:a3:66:e8:18:2e,0.028084506,0.162614125
a0:65:18:38:bd:5e,0.027856167,3.648752052
a4:f4:c2:be:43:4c,0.027676517,0.090152649
18:44:e6:bc:73:0d,0.026926351,0.884714578
d4:9a:a0:03:19:af,0.02678817,0.363931522
18:44:e6:a3:c6:a6,0.026648382,0.2813243
a4:f4:c2:9f:a8:10,0.026509623,0.14863759
a0:65:18:ab:c9:b4,0.026496606,0.656886217
a0:65:18:86:a7:08,0.025525758,0.119586441
98:f4:28:eb:2c:d4,0.02550445,0.832151198
a0:65:18:72:d9:bc,0.025230137,1.401849058
a4:f4:c2:d3:48:a9,0.025154295,0.19545041
a0:65:18:ca:f6:9b,0.024860815,0.098016724
d4:9a:a0:49:61:28,0.024627929,0.223084014
a4:f4:c2:9c:1a:e9,0.024592511,0.441323559
ec:8a:4c:fb:5d:90,0.024553612,0.059771023
a0:65:18:34:c8:84,0.024541614,1.128227524
ac:64:62:e9:93:b8,0.024188448,0.0111887
a0:65:18:39:c7:98,0.023737816,1.020143658
98:13:33:f7:ca:ca,0.023521066,0.009851263
a4:f4:c2:1a:03:67,0.023422909,0.112982859
a0:65:18:75:11:ca,0.022513963,0.699588838
a4:f4:c2:dd:b2:e7,0.022404617,0.304347445
a0:65:18:8c:e1:e8,0.022256788,0.037082493
a0:65:18:ad:c8:86,0.021800461,0.452231842
98:f4:28:db:cd:22,0.021687031,0.078885285
a4:f4:c2:05:96:2d,0.02154072,3.491697002
a0:65:18:4a:8c:56,0.021443568,0.19965531
c4:a3:66:e6:2e:ce,0.021426196,0.037584
a0:65:18:54:a7:ac,0.021422712,0.107702826
a0:65:18:c8:19:c0,0.021367585,0.011795237
a4:f4:c2:9c:76:49,0.021119543,0.284837749
a4:f4:c2:c2:85:e8,0.021097887,5.05691072
a4:f4:c2:d0:9b:a3,0.021049607,0.613792861
44:f4:36:e8:b2:46,0.020625791,0.776073372
a4:f4:c2:a3:32:cf,0.02056788,0.117072094
a0:65:18:74:6a:c9,0.02039518,3.020103684
a0:65:18:74:5f:18,0.020284282,0.09774816
d4:9a:a0:f1:45:69,0.020229017,0.097182122
d4:9a:a0:14:4a:b7,0.020032033,46.35518974
a0:65:18:0f:01:fd,0.019542051,3.086801249
98:f4:28:e1:85:10,0.01941194,0.006727373
a0:65:18:75:23:1a,0.019319371,0.052587058
98:f4:28:eb:a6:14,0.019304361,0.08114343
a0:65:18:31:ae:7e,0.018706401,0.376137091
98:f4:28:eb:4d:36,0.018557557,2.297569553
a4:f4:c2:9f:9a:12,0.018459418,3.837422734
c4:a3:66:e8:1e:a6,0.018373029,0.065314239
a0:65:18:6d:3c:68,0.018200731,0.005197665
a4:f4:c2:c3:02:74,0.017970731,0.001714562
c4:a3:66:e8:32:3e,0.017880349,0.384631113
44:f4:36:e7:75:a7,0.017701917,12.920598528
98:f4:28:e2:ff:67,0.017484246,0.123860189
a0:65:18:2f:6e:29,0.01734344,0.031171442
d4:9a:a0:f7:ff:89,0.016980466,0.495707411
a0:65:18:4c:1b:1a,0.016650465,3.336579301
98:f4:28:e1:a0:b3,0.016450271,0.069029455
d4:9a:a0:2c:7e:07,0.016266538,0.732390667
a0:65:18:4a:bb:e7,0.016082037,0.192241426
ac:64:62:e9:4e:35,0.0159855,0.016217868
a4:f4:c2:94:24:3d,0.015718991,0.074369461
ac:64:62:e9:ab:0f,0.015655153,0.007286841
d4:9a:a0:f2:92:a9,0.015553243,0.302421596
ac:64:62:e9:53:49,0.015359851,0.00507373
cc:71:90:43:b6:61,0.014810955,0.121778451
ac:64:62:e9:a0:b0,0.014751892,0.053195481
a0:65:18:38:1f:24,0.014663931,0.042761226
a0:65:18:68:01:45,0.014358525,0.049099245
a4:f4:c2:f3:9c:67,0.014329273,0.008049159
a4:f4:c2:9f:9c:00,0.014314604,10.630078664
98:f4:28:e5:b1:8c,0.014175232,8.659041395
18:44:e6:bc:79:07,0.014151734,0.049868597
d4:9a:a0:b7:46:31,0.01407266,1.079795455
a0:65:18:74:fc:23,0.013923943,20.362777781
a0:65:18:75:b8:a4,0.013871838,8.062762845
cc:71:90:0b:fe:39,0.01384877,0.062782948
c4:a3:66:e6:25:98,0.013846126,0.456598588
94:a7:b7:d2:f9:07,0.013752462,1.522033079
a0:65:18:7a:11:6b,0.013592248,0.015041357
34:4d:ea:d8:f3:36,0.013507801,0.007397435
a0:65:18:98:91:f0,0.013192468,0.076314833
d4:9a:a0:d0:b7:31,0.013154355,0.004059534
a0:65:18:a6:0f:5c,0.013147509,0.086458205
a4:f4:c2:9f:ed:ac,0.013021567,0.39398651
c4:a3:66:eb:9f:a4,0.012835323,0.013033344
a0:65:18:76:a4:b7,0.012630223,0.067775427
cc:71:90:0e:d0:f1,0.012547776,1.112116023
d4:9a:a0:e6:57:21,0.01251335,0.008893993
a4:f4:c2:c2:1d:54,0.012248093,0.030111784
a0:65:18:3b:9b:e0,0.0120921,0.92998616
98:f4:28:ec:ff:91,0.012069397,0.066763805
d4:9a:a0:5f:92:cf,0.011792582,0.07104671
a0:65:18:a3:b8:07,0.011440553,7.233433646
a0:65:18:42:ca:c2,0.011077121,0.03800221
70:9f:2d:d4:3b:18,0.011026635,0.056404803
ac:64:62:d4:92:8d,0.010889367,6.504864029
98:f4:28:e2:4e:14,0.010826334,0.402923406
ec:8a:4c:ec:bd:f2,0.010617199,0.037020642
c4:a3:66:e8:03:6a,0.010601663,0.333865187
c4:a3:66:e8:a1:44,0.010105919,1.648885807
18:44:e6:bc:c6:0f,0.009844476,0.061967998
a4:f4:c2:f3:5c:0f,0.009697986,0.015097182
d4:9a:a0:fb:4e:a9,0.009693005,0.061246793
18:44:e6:bd:4e:6d,0.009587018,0.317688159
a0:65:18:41:d2:13,0.009554175,0.176675484
ac:64:62:e9:45:34,0.009507295,0.058856677
cc:71:90:18:67:81,0.009460492,0.083341152
98:f4:28:e1:ad:47,0.009419859,0.188405728
c4:a3:66:ec:07:ea,0.009386708,0.013208558
a0:65:18:75:a4:df,0.009231471,0.003617252
d4:9a:a0:5f:43:67,0.009151177,0.54875934
a0:65:18:4b:6b:e2,0.009129201,0.761736735
a0:65:18:c7:70:5b,0.008909505,8.66231E-4
a4:f4:c2:1f:fa:0c,0.00873499,0.01950489
d4:9a:a0:ea:be:99,0.008698297,1.994273768
d4:9a:a0:64:e7:b0,0.008463739,3.32341E-4
98:f4:28:ea:eb:cf,0.008446304,0.02056628
a0:65:18:31:a2:5a,0.008371549,0.027404708
d4:9a:a0:f5:bc:e1,0.008314731,8.604988019
c4:a3:66:e8:62:aa,0.008280661,6.61162E-4
a0:65:18:51:d8:1b,0.008192903,0.024351785
24:43:e2:60:5f:e9,0.008185872,2.515952737
18:44:e6:bc:ec:a2,0.008177989,0.026594005
a0:65:18:4c:77:cf,0.008084965,0.047444918
a0:65:18:75:3a:17,0.007864613,24.293559718
a0:65:18:75:25:57,0.007709917,0.096111371
98:f4:28:e3:39:6e,0.007647631,1.874287015
a4:f4:c2:dd:f1:24,0.007395017,0.274665613
a0:65:18:c4:3f:a1,0.007361694,0.121028339
a0:65:18:98:95:c2,0.007083064,0.010228322
a0:65:18:98:98:20,0.007026765,7.212599338
a4:f4:c2:1a:18:7f,0.006948983,0.212909697
a0:65:18:ab:cb:25,0.006944268,0.204751135
a0:65:18:61:61:97,0.006752786,0.006183734
a0:65:18:c7:6f:4a,0.006742514,0.160304035
24:43:e2:56:df:89,0.006543053,0.143404959
a4:f4:c2:dd:fc:d9,0.006452532,0.113753894
a0:65:18:59:d5:cd,0.006414598,0.152511353
18:44:e6:bc:e4:f0,0.006349592,0.003642851
98:f4:28:ed:70:57,0.006019735,5.52674E-4
a0:65:18:ad:de:01,0.006018674,0.022678653
a4:f4:c2:10:57:b5,0.005942447,0.01159444
a0:65:18:34:d3:08,0.005917506,0.048105364
70:9f:2d:d3:66:ac,0.005863605,0.005347075
a0:65:18:9c:53:28,0.005833852,0.004571058
a0:65:18:74:05:d1,0.005673803,7.61229E-4
a0:65:18:d0:59:24,0.00562562,0.00395269
18:44:e6:bc:8e:3d,0.005550154,0.018862943
a0:65:18:72:bf:ca,0.005438456,0.091050512
d4:9a:a0:cb:92:89,0.00543348,0.005184584
cc:71:90:17:f0:99,0.005330274,0.037535961
a0:65:18:6c:66:8d,0.00530696,0.102766339
a0:65:18:8c:d9:a2,0.00530637,2.436350534
a4:f4:c2:d3:44:11,0.005263085,2.424888107
cc:71:90:17:51:11,0.005256292,21.010079109
c4:a3:66:e6:6d:3e,0.005240075,0.488818689
24:43:e2:6b:4f:41,0.005224753,3.961E-5
c4:a3:66:eb:45:56,0.005207625,0.043384574
70:9f:2d:d3:e0:6e,0.005108766,0.113013356
a0:65:18:41:c4:ed,0.005071419,1.9581E-5
98:f4:28:e1:aa:40,0.005023766,0.669214699
2c:c8:1b:ed:2c:40,0.005017138,0.010566262
d4:9a:a0:3c:68:6f,0.00500931,0.027093403
a4:f4:c2:b5:29:48,0.004907767,26.196193746
a0:65:18:51:d9:a7,0.004707529,22.356657933
d4:9a:a0:d0:8a:31,0.004684057,0.828504319
94:a7:b7:d3:48:26,0.004680406,0.021264363
94:a7:b7:d1:f4:ee,0.004445372,5.029218879
a4:f4:c2:10:60:28,0.004314526,0.011790617
94:a7:b7:d2:eb:5b,0.004299227,0.013585648
ac:64:62:d2:96:0e,0.004294952,0.008108341
a0:65:18:0d:e0:a1,0.004110974,0.068116979
cc:71:90:50:00:39,0.004052751,0.232503889
a4:f4:c2:a2:72:42,0.003854136,0.012883517
a0:65:18:46:87:44,0.003796339,0.008917925
a0:65:18:3c:a5:cf,0.003758793,0.103760335
a0:65:18:a3:99:d7,0.003545524,7.62277E-4
d4:9a:a0:b4:7f:a1,0.003354183,0.001280385
a0:65:18:74:bb:a5,0.003301928,0.028683676
98:f4:28:e3:29:ce,0.003273396,7.9622E-5
18:44:e6:bc:c8:26,0.003150825,0.236745547
a4:f4:c2:af:6a:88,0.003092277,1.7332E-5
98:f4:28:e1:e0:aa,0.003076579,0.002689413
a4:f4:c2:bb:03:ce,0.002929166,0.001874738
98:f4:28:e1:c7:b4,0.002793805,9.78734E-4
a0:65:18:3b:71:7a,0.002777925,1.660965287
a4:f4:c2:c2:20:4b,0.002653549,0.003161601
a0:65:18:79:f7:67,0.002548577,0.111857132
a4:f4:c2:b9:db:d3,0.002461507,1.815E-5
a4:f4:c2:e4:5b:af,0.002371171,0.002035506
a4:f4:c2:dd:de:a0,0.002146865,4.629491526
ac:64:62:d1:37:d2,0.002087411,0.004539012
18:44:e6:a3:c1:0b,0.002052176,0.007850281
a0:65:18:84:0a:02,0.002018398,0.002063761
a0:65:18:41:bf:ce,0.00196835,0.005660304
98:f4:28:e5:6d:3a,0.001910055,3.53874E-4
ec:8a:4c:fb:45:c6,0.001906028,0.891716733
98:13:33:f6:fa:20,0.001750465,0.087904332
a4:f4:c2:b9:9a:6f,0.00162431,0.001241038
a0:65:18:31:a4:e2,0.001597888,1.062839939
a0:65:18:66:fc:87,0.001511767,0.019322081
a0:65:18:74:d6:13,0.001401715,1.87972E-4
a4:f4:c2:95:f3:e7,0.001292579,0.010178182
a0:65:18:4e:90:72,0.001288907,0.007484926
a0:65:18:39:4a:c7,0.001257109,5.46944E-4
a0:65:18:ac:af:67,0.001248529,0.003193937
c4:a3:66:e7:f5:4e,0.001135676,0.032874028
d4:9a:a0:55:fb:ef,0.001024,7.7029E-5
a0:65:18:2f:60:e2,9.97767E-4,0.020862878
d4:9a:a0:01:d0:38,8.45387E-4,1.5282E-5
a0:65:18:c9:91:62,7.28456E-4,0.001000978
98:f4:28:da:a0:3c,7.05691E-4,0.00136614
d4:9a:a0:01:c4:68,6.58547E-4,2.0764E-5
d4:9a:a0:14:53:b7,6.46417E-4,1.859E-5
a4:f4:c2:ec:46:8f,6.27029E-4,8.24404E-4
d4:9a:a0:2c:96:df,6.24228E-4,2.1559E-5
d4:9a:a0:e6:bd:b9,6.03078E-4,2.54092E-4
d4:9a:a0:e3:f7:39,5.96493E-4,2.50768E-4
a4:f4:c2:ae:44:d4,5.96425E-4,1.9412E-5
d4:9a:a0:93:f2:31,5.96282E-4,2.628E-4
a4:f4:c2:ae:f4:c2,5.88298E-4,1.427570785
cc:71:90:06:17:b1,5.81354E-4,2.60476E-4
a0:65:18:77:22:cc,5.56128E-4,0.001752956
a0:65:18:59:22:ba,5.48382E-4,0.002332383
d4:9a:a0:37:2c:f7,5.4697E-4,7.0012E-5
a0:65:18:ab:cd:1a,5.32808E-4,0.002973445
d4:9a:a0:f7:a6:39,5.10996E-4,2.59854E-4
a4:f4:c2:a0:05:9a,4.46296E-4,3.2309E-5
98:f4:28:e1:ae:23,3.9787E-4,2.9279E-5
a0:65:18:c7:70:4c,3.93269E-4,8.39677E-4
ac:64:62:d3:05:99,3.86419E-4,3.2375E-5
a4:f4:c2:9d:76:ac,3.84023E-4,8.33598E-4
a0:65:18:9f:a5:cc,3.77243E-4,2.4922E-5
a0:65:18:66:f0:81,3.73023E-4,8.36474E-4
5c:c7:d7:1e:ee:4f,3.71494E-4,1.9624E-5
a4:f4:c2:eb:7d:3f,3.69289E-4,8.01316E-4
a4:f4:c2:a4:ca:69,3.69286E-4,8.07846E-4
a4:f4:c2:f3:7c:9f,3.60644E-4,7.52958E-4
d4:9a:a0:4e:04:f7,3.56244E-4,1.5727E-5
34:4d:ea:d7:da:da,3.55893E-4,7.33306E-4
a4:f4:c2:a7:0c:0d,3.48262E-4,7.81182E-4
94:a7:b7:d2:c9:37,3.4816E-4,1.8772E-5
94:a7:b7:d2:d5:9e,3.4562E-4,2.5403E-5
a4:f4:c2:f2:e7:07,3.30355E-4,8.35742E-4
d4:9a:a0:79:24:c7,3.2754E-4,0.001903324
24:43:e2:6b:c7:d1,3.26588E-4,5.9355E-5
a0:65:18:39:cb:88,3.25496E-4,8.30278E-4
a4:f4:c2:95:31:89,3.23372E-4,3.1257E-5
a0:65:18:3c:04:f5,3.17232E-4,2.244370867
74:4d:28:a7:30:1f,2.87095E-4,2.4275E-5
a4:f4:c2:e4:13:27,2.84424E-4,1.9292E-5
a0:65:18:41:57:76,2.60186E-4,5.7956E-5
a4:f4:c2:a7:31:7e,2.58873E-4,8.35134E-4
a4:f4:c2:a7:54:91,2.43278E-4,8.33432E-4
a4:f4:c2:19:db:77,1.96642E-4,5.58958E-4
